News Agency,Tweets Ago,Date,Compound,Positive,Negative,Neutral,Tweet
@BBC,1,Thu Jul 26 16:11:16 +0000 2018,-0.296,0.0,0.909,0.091,"Tweet 1: RT @bbcpress: Late for the first game of @BBCMOTD, missed the first dance on #Strictly or tuned in halfway through #EastEnders? Pushing the‚Ä¶"
@BBC,2,Thu Jul 26 16:02:03 +0000 2018,0.2263,0.153,0.741,0.106,"Tweet 2: üòÄ‚ô•Ô∏è Four-year-old Daniel and 91-year-old Stuart, who has dementia, have struck up an unlikely friendship.  https://t.co/DVpVhIssTc"
@BBC,3,Thu Jul 26 15:40:44 +0000 2018,0.0,0.0,1.0,0.0,Tweet 3: RT @bbcweather: It is officially the hottest day of the year so far in the UK with temperatures soaring to 35C in west London. https://t.co‚Ä¶
@BBC,4,Thu Jul 26 13:01:05 +0000 2018,-0.1779,0.072,0.826,0.101,"Tweet 4: ""I would like to do it all over again. There was a war on but otherwise it was absolutely wonderful."" ‚ù§Ô∏èÔ∏è

Remember‚Ä¶ https://t.co/1cSKgxW5gF"
@BBC,5,Thu Jul 26 12:02:06 +0000 2018,-0.4614,0.0,0.764,0.236,"Tweet 5: üòÆ You don't want to get between two fighting kangaroos!
#LifeStory https://t.co/xX95kVkWJU"
@BBC,6,Thu Jul 26 11:00:16 +0000 2018,-0.4019,0.064,0.788,0.148,"Tweet 6: A record number of primary school children are leaving school severely obese, according to new figures from Public‚Ä¶ https://t.co/nmc8w0pnGW"
@BBC,7,Thu Jul 26 08:45:35 +0000 2018,-0.8176,0.0,0.762,0.238,"Tweet 7: RT @BBCEngland: The last living female pilot from World War Two, Mary Ellis, has died aged 101 at her home on the Isle of Wight https://t.c‚Ä¶"
@BBC,8,Thu Jul 26 08:00:00 +0000 2018,-0.4019,0.0,0.828,0.172,"Tweet 8: This school is tackling their single-use plastic problem one lunchbox at a time.
#PlasticsAction https://t.co/dBJBC46C06"
@BBC,9,Thu Jul 26 07:28:06 +0000 2018,-0.3818,0.102,0.732,0.167,Tweet 9: We call violence an ‚Äòepidemic‚Äô ‚Äì and there is reason to take that literally... treating it like an infectious disea‚Ä¶ https://t.co/871oH89IB6
@BBC,10,Thu Jul 26 07:01:02 +0000 2018,-0.4019,0.0,0.748,0.252,"Tweet 10: ‚ô®Ô∏èüò¥ Having trouble sleeping in this heatwave?
#HeatwaveUK https://t.co/N8Nstm5gC7"
@BBC,11,Wed Jul 25 19:02:00 +0000 2018,0.4019,0.247,0.617,0.136,"Tweet 11: Colin Firth stars in an award-winning adaptation of Jane Austen's classic romance. üìöüòç

Pride and Prejudice |‚Ä¶ https://t.co/bgxyIt8i5g"
@BBC,12,Wed Jul 25 18:02:05 +0000 2018,0.4404,0.184,0.725,0.092,"Tweet 12: From @rosskemp to @sirpatstew: these are the ultimate Extras celebrity cameos. üòÇ

https://t.co/MzLh704sPC"
@BBC,13,Wed Jul 25 16:02:05 +0000 2018,0.0,0.0,1.0,0.0,"Tweet 13: Is this Africa‚Äôs most inventive neighbourhood? üí°üåøü•ë

https://t.co/xgeQCMM1XP"
@BBC,14,Wed Jul 25 14:37:40 +0000 2018,0.0,0.0,1.0,0.0,"Tweet 14: Researchers have found evidence of an existing body of liquid water on Mars.
üëâ https://t.co/cmykUjdfxy https://t.co/F45qHNXcOR"
@BBC,15,Wed Jul 25 13:57:01 +0000 2018,0.0,0.0,1.0,0.0,Tweet 15: RT @BBCWthrWatchers: On Friday night you may see the moon turn red during a total lunar eclipse. Lasting 1 hr 40 mins it will be the longes‚Ä¶
@BBC,16,Wed Jul 25 13:02:05 +0000 2018,-0.4767,0.083,0.758,0.159,"Tweet 16: üíâ A jab that protects against a virus that causes cervical cancer will be given to boys aged 12 to 13 in England.
üëâ‚Ä¶ https://t.co/joOj8vMupR"
@BBC,17,Wed Jul 25 12:40:25 +0000 2018,0.6759,0.24,0.696,0.064,"Tweet 17: RT @bbcpress: ü§£ Want to write comedy? Want a six-month bursary to train and develop your skills at the BBC?
‚è∞ TIME IS RUNNING OUT! The dead‚Ä¶"
@BBC,18,Wed Jul 25 12:03:04 +0000 2018,0.4215,0.177,0.823,0.0,"Tweet 18: üåäüê¨ These dolphins were rescued after getting stranded in shallow water in Tasmania. 

https://t.co/MRqRBxsctW"
@BBC,19,Wed Jul 25 11:02:03 +0000 2018,0.0,0.0,1.0,0.0,"Tweet 19: 'I downloaded all my Facebook data and it was a nightmare'. üíªü§¶‚Äç‚ôÄÔ∏è

Have you ever wondered what your data actually l‚Ä¶ https://t.co/0sNfkSket7"
@BBC,20,Wed Jul 25 08:04:03 +0000 2018,0.0772,0.08,0.92,0.0,"Tweet 20: A startling insight into how society viewed the role of women in the 20th century. #WashesWhiter

https://t.co/BIoTfZ5DPG"
@BBC,21,Wed Jul 25 07:31:07 +0000 2018,-0.2732,0.0,0.877,0.123,"Tweet 21: A watchdog has warned that the packaging you recycle 'may end up in landfill'. ‚ôªÔ∏èüóë

https://t.co/7q7NwFYVBh https://t.co/8SqE3kZ3j8"
@BBC,22,Wed Jul 25 07:02:05 +0000 2018,0.6369,0.318,0.682,0.0,"Tweet 22: Why we should all love whale poo... üíöüêãüí© 

#OurBluePlanet

https://t.co/VePUiOOE3F"
@BBC,23,Tue Jul 24 19:03:05 +0000 2018,-0.3818,0.0,0.874,0.126,"Tweet 23: Fish are losing their sense of smell because of a rise in CO2 levels, according to new research. üêüüíî‚Ä¶ https://t.co/9EWLY0pLrH"
@BBC,24,Tue Jul 24 18:00:19 +0000 2018,0.128,0.282,0.47,0.248,Tweet 24: The best way EVER to deal with a scam. https://t.co/nqWGYEEBy4
@BBC,25,Tue Jul 24 17:02:07 +0000 2018,0.0,0.0,1.0,0.0,"Tweet 25: üå°üçÇ From Carnoustie to London, the heatwave has left Britain's parks and lawns parched.

üì∑ https://t.co/yqcbYgu5Y7‚Ä¶ https://t.co/I0rzDBzXOp"
@BBC,26,Tue Jul 24 16:02:09 +0000 2018,0.4767,0.237,0.763,0.0,"Tweet 26: These birds woo the ladies with popcorn and cartwheels.
#AnimalsBehavingBadly https://t.co/HUArZNsNXy"
@BBC,27,Tue Jul 24 13:01:03 +0000 2018,0.8481,0.326,0.674,0.0,"Tweet 27: Got kids who are on school holidays? 

üì±The ‚ÄòCBBC Buzz‚Äô app is free, fun and there‚Äôs something for you, whatever yo‚Ä¶ https://t.co/RCuJvRzW8D"
@BBC,28,Tue Jul 24 12:16:10 +0000 2018,0.552,0.134,0.866,0.0,"Tweet 28: RT @BBCOxford: Oxford's Soup Peddler - who has given more than 4,000 free meals to the homeless - is hanging up his ladle.
Could you carry‚Ä¶"
@BBC,29,Tue Jul 24 12:03:04 +0000 2018,0.0,0.0,1.0,0.0,"Tweet 29: üë®‚Äçüé§üçû The first known studio recording of David Bowie is set for auction after being found in an old bread basket.
üëâ‚Ä¶ https://t.co/5R2Pmr8gBf"
@BBC,30,Tue Jul 24 11:01:00 +0000 2018,-0.0191,0.0,0.918,0.082,"Tweet 30: 'Doesn't matter what's written on the packet, wet wipes do not disintegrate.' https://t.co/sFUvFL8OaL"
@BBC,31,Tue Jul 24 09:53:15 +0000 2018,-0.5983,0.0,0.844,0.156,Tweet 31: RT @bbcworldservice: *Calling all Star Wars fans!* This is a VR experience where you star in the storyline. Hear more about Lucasfilm's VR‚Ä¶
@BBC,32,Tue Jul 24 08:00:10 +0000 2018,0.5719,0.425,0.575,0.0,Tweet 32: The perfect picnic doesn't exi... https://t.co/hCE7MqzF2P
@BBC,33,Tue Jul 24 07:27:04 +0000 2018,0.0,0.0,1.0,0.0,Tweet 33: üë∂üëµ Most people feel younger or older than they really are ‚Äì and this 'subjective age' has a big effect on their phy‚Ä¶ https://t.co/vGnFI1TfmB
@BBC,34,Tue Jul 24 07:00:18 +0000 2018,0.0,0.0,1.0,0.0,Tweet 34: Meet the man who escaped locked-in syndrome and is about to become a dad. https://t.co/x0Bkz8R176
@BBC,35,Mon Jul 23 20:03:06 +0000 2018,0.0,0.0,1.0,0.0,"Tweet 35: Film-maker Mo Naqvi attempts to decide who to vote for in Pakistan's upcoming election.

Storyville: Insha'Allah De‚Ä¶ https://t.co/u7nu633Gt2"
@BBC,36,Mon Jul 23 18:02:06 +0000 2018,0.0,0.0,1.0,0.0,"Tweet 36: üíà‚ù§Ô∏è Meet the barber tackling mental health one beard trim at a time.
(via @BBCThree) https://t.co/sTbcQnZ2ck"
@BBC,37,Mon Jul 23 17:31:04 +0000 2018,0.0,0.0,1.0,0.0,"Tweet 37: Follow the transportation of a herd of elephants from the Midlands to their new seaside home. üêò

Elephants on the M‚Ä¶ https://t.co/nvfAlmyl21"
@BBC,38,Mon Jul 23 16:03:04 +0000 2018,0.4939,0.314,0.686,0.0,Tweet 38: üê∂ Hearing dogs can save a life. https://t.co/bTcvuvGYJt
@BBC,39,Mon Jul 23 15:31:24 +0000 2018,0.0,0.0,1.0,0.0,"Tweet 39: RT @cbbc: Andy Samberg &amp; @selenagomez talk all things @HotelT üï∏Ô∏èüëªüå¥
For the full interview download the #CBBCBuzz app now! https://t.co/83Vu‚Ä¶"
@BBC,40,Mon Jul 23 13:02:00 +0000 2018,0.0,0.111,0.779,0.111,"Tweet 40: If you're blind or partially sighted, this might help.
 
At the BBC, we offer audio description to describe our sho‚Ä¶ https://t.co/jDXcSK72uQ"
@BBC,41,Mon Jul 23 12:02:03 +0000 2018,0.6369,0.296,0.704,0.0,"Tweet 41: Y'alright love? üê¶ 

Meet Mourdour, the raven with a Yorkshire accent.... 

https://t.co/6K9eMeDh0k"
@BBC,42,Mon Jul 23 11:37:06 +0000 2018,0.5719,0.27,0.73,0.0,Tweet 42: RT @bbccomedy: The wonderful Victoria Wood talking sex. ‚ù§Ô∏è https://t.co/uKdwA5f3T0
@BBC,43,Mon Jul 23 11:36:58 +0000 2018,-0.5267,0.0,0.746,0.254,Tweet 43: RT @bbccomedy: When it's not just work you're frustrated with... https://t.co/Qlv5gMgkGD
@BBC,44,Mon Jul 23 11:03:09 +0000 2018,-0.38,0.177,0.549,0.274,Tweet 44: When is a film so bad it's actually good? üçøü§¶‚Äç‚ôÄÔ∏è https://t.co/zNWeEnZVQd https://t.co/F3rLExxpyR
@BBC,45,Mon Jul 23 08:12:20 +0000 2018,-0.6757,0.0,0.753,0.247,"Tweet 45: RT @bbcgetinspired: He came within minutes of losing his life in a horrific accident - but eight years on, he is about to represent Norther‚Ä¶"
@BBC,46,Mon Jul 23 08:03:02 +0000 2018,0.4767,0.114,0.886,0.0,"Tweet 46: Ntando Mahlangu walked for the first time at the age of ten. 

By the time he was 14, he had a silver medal from Ri‚Ä¶ https://t.co/JodVvKpqUw"
@BBC,47,Mon Jul 23 07:32:03 +0000 2018,-0.5267,0.0,0.866,0.134,"Tweet 47: The UK government says air pollution is the fourth biggest threat to public health. ü§ßüí®

Here's what you can do to i‚Ä¶ https://t.co/SVbU4D7961"
@BBC,48,Mon Jul 23 07:03:07 +0000 2018,0.0,0.0,1.0,0.0,"Tweet 48: ‚úàÔ∏èüéí This is what happens to your suitcase after you've checked-in at an airport... 

https://t.co/SZZKKm6ONf"
@BBC,49,Sun Jul 22 19:02:05 +0000 2018,0.5994,0.245,0.755,0.0,Tweet 49: ‚ù§Ô∏è The catwalk show with a mission to prove everyone is beautiful. https://t.co/sGAR4YzNZT
@BBC,50,Sun Jul 22 18:05:05 +0000 2018,0.128,0.073,0.927,0.0,"Tweet 50: See some art
Dwell on your wrongs
Talk to strangers

Tackle the week ahead with a spot of elastic thinking. https://t.co/W3gtqBFnss"
@BBC,51,Sun Jul 22 18:02:04 +0000 2018,0.6114,0.154,0.846,0.0,"Tweet 51: RT @bbcmusic: Happy Birthday @SelenaGomez! üéÇüéâ

Which is your favourite SG single? (We are going old school Selena and vote 'Naturally' üí´) h‚Ä¶"
@BBC,52,Sun Jul 22 17:06:28 +0000 2018,0.6369,0.271,0.729,0.0,Tweet 52: RT @BBCCountryfile: What's your top tip for enjoying our countryside? Here's @EllieHarrison_ @AdamHenson @tomheapmedia and @SteveBrownGBWR‚Ä¶
@BBC,53,Sun Jul 22 16:45:18 +0000 2018,0.0,0.0,1.0,0.0,Tweet 53: RT @BBCNews: London Anniversary Games: Kare Adenegan &amp; Sophie Hahn set world records https://t.co/DW7CyMwS7r
@BBC,54,Sun Jul 22 16:04:04 +0000 2018,-0.8402,0.0,0.724,0.276,"Tweet 54: ‚ù§Ô∏è The mother of a five-year-old boy who helped write his own obituary before he died of cancer says she is ""humble‚Ä¶ https://t.co/k1R3Tq8KX5"
@BBC,55,Sun Jul 22 15:04:05 +0000 2018,-0.2732,0.0,0.909,0.091,"Tweet 55: Keeping it low key üòâ

This man asked his partner to marry him with a GIANT beach mural. üèñ 
https://t.co/FrqoNA4HhG"
@BBC,56,Sun Jul 22 14:08:06 +0000 2018,0.7264,0.243,0.757,0.0,"Tweet 56: üò≤üé® Some of the most stunning photos from the 21st World Bodypainting Festival in Austria.
üëâ https://t.co/2Z8On4ZuS3 https://t.co/YoAPvfk5cE"
@BBC,57,Sun Jul 22 13:06:02 +0000 2018,0.0,0.0,1.0,0.0,Tweet 57: üêúüçû Would you eat bread baked with insects instead of flour? https://t.co/zXYGP4MZjk
@BBC,58,Sun Jul 22 12:09:04 +0000 2018,0.7506,0.314,0.686,0.0,"Tweet 58: Positive reinforcement and indirect suggestions are a powerful way to influence our decision-making.

Here are eigh‚Ä¶ https://t.co/CyoIKBRDfs"
@BBC,59,Sun Jul 22 11:02:05 +0000 2018,0.5994,0.353,0.647,0.0,"Tweet 59: The teenage activist helping families find low-cost healthy food. 
(via@BBCThree) https://t.co/aM3Esv544f"
@BBC,60,Sun Jul 22 10:04:05 +0000 2018,0.7506,0.274,0.726,0.0,Tweet 60: üíï‚úçÔ∏è A story penned by a 10-year-old girl with autism has attracted praise from academics and others with the condit‚Ä¶ https://t.co/oFp5UI36Ex
@BBC,61,Sun Jul 22 08:19:58 +0000 2018,0.34,0.138,0.862,0.0,Tweet 61: RT @BBCNewsbeat: Say hello to @NicoleAMaines who will play TV's first ever transgender superhero. https://t.co/QIIPLjRZBo https://t.co/FhUr‚Ä¶
@BBC,62,Sun Jul 22 08:03:01 +0000 2018,0.0,0.0,1.0,0.0,"Tweet 62: üçû Prehistoric bake-off: Scientists have discovered the earliest known evidence of bread-making, from a 14,000-year-‚Ä¶ https://t.co/rt2YVZY1zW"
@BBC,63,Sun Jul 22 07:03:00 +0000 2018,0.0,0.0,1.0,0.0,"Tweet 63: Do you have a reusable water bottle?
#PlasticsAction https://t.co/XTlzV0IEGB"
@BBC,64,Sat Jul 21 20:21:08 +0000 2018,0.6369,0.321,0.679,0.0,"Tweet 64: üé¨üçø A business trip leads to a chance encounter...

Pretty Woman | 10:20pm | @BBCOne | https://t.co/vCrrzh7bN7 https://t.co/KS0CZCwcDx"
@BBC,65,Sat Jul 21 19:31:05 +0000 2018,-0.4939,0.0,0.741,0.259,"Tweet 65: The ruins of a Cumbrian village have been exposed by the UK drought. üå°

https://t.co/zCaOtOFM74"
@BBC,66,Sat Jul 21 18:02:06 +0000 2018,0.4404,0.228,0.659,0.114,"Tweet 66: üòÇ @RomeshRanga really REALLY can't stand Gogglebox. #LiveAtTheApollo

https://t.co/IMrhnETAg7"
@BBC,67,Sat Jul 21 17:05:05 +0000 2018,0.0,0.0,1.0,0.0,"Tweet 67: How being drawn naked helped these women reclaim their bodies. 
(via @BBCThree) https://t.co/h22GymBo6O"
@BBC,68,Sat Jul 21 16:04:04 +0000 2018,0.0,0.0,1.0,0.0,Tweet 68: Was the üòäthe first emoticon? https://t.co/3eZwRPDqbJ
@BBC,69,Sat Jul 21 15:04:19 +0000 2018,0.0,0.0,1.0,0.0,Tweet 69: RT @BBCR1: From @ShawnMendes and @NiallOfficial to @DUALIPA and @ArianaGrande; 10 massive pop collabs we NEED to hear right now üëâ https://t‚Ä¶
@BBC,70,Sat Jul 21 15:04:02 +0000 2018,0.8126,0.37,0.63,0.0,Tweet 70: üë∞üéäü§µ @reallorraine and @robbeckettcomic host as two couples play for dream prizes and a chance to get married in fro‚Ä¶ https://t.co/JOaddKsXdr
@BBC,71,Sat Jul 21 14:03:06 +0000 2018,0.2023,0.213,0.648,0.139,Tweet 71: A huge iceberg is looming over a village in Greenland. https://t.co/sDLtIq41Fj
@BBC,72,Sat Jul 21 13:03:08 +0000 2018,0.0,0.0,1.0,0.0,"Tweet 72: Would you consider becoming a hedgehog foster parent? ü¶î üíï

https://t.co/qTzxBdTy1B"
@BBC,73,Sat Jul 21 12:03:05 +0000 2018,-0.8316,0.0,0.672,0.328,"Tweet 73: Maths, science, history and... death? üéíüìöü§î

Death could be added to the school timetable in Australia. üëâ‚Ä¶ https://t.co/l6jEPAaK64"
@BBC,74,Sat Jul 21 11:16:04 +0000 2018,0.0,0.0,1.0,0.0,"Tweet 74: üèÉüèÉ‚Äç‚ôÄÔ∏è @GabbyLogan presents live coverage from the first day of the #AnniversaryGames at the London Stadium.

Athlet‚Ä¶ https://t.co/KD8QAeSMnA"
@BBC,75,Sat Jul 21 10:10:07 +0000 2018,0.5719,0.27,0.73,0.0,Tweet 75: üèÉThis 88-year-old runner has celebrated his 200th Parkrun in Manchester. https://t.co/9yG6L3bCye
@BBC,76,Sat Jul 21 09:03:03 +0000 2018,0.7506,0.286,0.714,0.0,"Tweet 76: Amazing innovation üí°
A family in France has become the first to move in to a 3D-printed house. https://t.co/FYDtNW19PL"
@BBC,77,Sat Jul 21 09:02:04 +0000 2018,0.4939,0.158,0.842,0.0,Tweet 77: üá±üá∞ The Sri Lankan schoolgirl turned inventor trying to save the planet one lunchbox at a time. https://t.co/RZlJolph79
@BBC,78,Sat Jul 21 08:32:20 +0000 2018,0.0,0.0,1.0,0.0,Tweet 78: RT @bbcweather: In Pictures: The dramatic effect of the UK heatwave https://t.co/xmdTbUlpTy Jo https://t.co/mKIjUw8Yhs
@BBC,79,Sat Jul 21 08:03:05 +0000 2018,-0.5267,0.0,0.794,0.206,"Tweet 79: ""I was training and missed it. I cried.""  ‚ù§Ô∏èÔ∏è

@serenawilliams has opened up about missing her baby's first steps.‚Ä¶ https://t.co/h7B11Zrvxy"
@BBC,80,Sat Jul 21 07:03:03 +0000 2018,0.0,0.0,1.0,0.0,"Tweet 80: Should we be allowed to modify human DNA in future children? üî¨

An inquiry has found editing human embryos 'morally‚Ä¶ https://t.co/ym7J8WiOLt"
@BBC,81,Fri Jul 20 19:02:04 +0000 2018,-0.4215,0.194,0.543,0.264,Tweet 81: From honeymoon horror to a dine and dash: this is what happens when holiday romances go wrong. üèùüò≥üíî‚Ä¶ https://t.co/o0skuAQ21P
@BBC,82,Fri Jul 20 18:03:08 +0000 2018,0.0,0.0,1.0,0.0,Tweet 82: üè•üé∂ Every member of this choir is here on doctor's orders. https://t.co/5GLpzwPzwU
@BBC,83,Fri Jul 20 17:02:06 +0000 2018,0.0,0.0,1.0,0.0,"Tweet 83: üì∫ @louistheroux dives into the BBC Archives and selects his favourite documentaries.

Louis Theroux: Docs That Made‚Ä¶ https://t.co/Hun3M35ZEQ"
@BBC,84,Fri Jul 20 15:59:00 +0000 2018,0.4939,0.167,0.833,0.0,Tweet 84: Actual footage of me leaving work for the weekend and not looking back... üëã #FridayFeeling https://t.co/Ppg3Qk7fj3
@BBC,85,Fri Jul 20 14:56:18 +0000 2018,-0.4767,0.0,0.853,0.147,"Tweet 85: RT @BBCBreaking: Several people wounded in knife attack on bus in northern German city of Luebeck, reports say https://t.co/SS7enQBT3h"
@BBC,86,Fri Jul 20 14:53:06 +0000 2018,-0.6131,0.0,0.808,0.192,"Tweet 86: RT @BBCWomansHour: It's not easy, it can be uncomfortable &amp; nerve racking...üì£ so why speak out? @charlottechurch tells us what drives her t‚Ä¶"
@BBC,87,Fri Jul 20 14:52:46 +0000 2018,-0.296,0.0,0.919,0.081,Tweet 87: RT @BBCWomansHour: What does @KatiePrice have to say to her critics? She tells us what pushes her to keep going even when she feels under a‚Ä¶
@BBC,88,Fri Jul 20 14:31:04 +0000 2018,0.0,0.0,1.0,0.0,"Tweet 88: A can of lager and a packet of custard creams are the secret to a long life for Eileen, a Blackpool woman celebrati‚Ä¶ https://t.co/y5KL6atB0O"
@BBC,89,Fri Jul 20 13:35:41 +0000 2018,0.0,0.0,1.0,0.0,"Tweet 89: RT @BBCNewsround: Did you know there are 25,000 children addicted to gambling in Britain? Find out more about gambling, gaming and why it i‚Ä¶"
@BBC,90,Fri Jul 20 13:33:22 +0000 2018,0.2235,0.086,0.914,0.0,"Tweet 90: David Attenborough wants you to get out a chair and spot some ü¶ãü¶ãü¶ã 

And you can't say no to such a legend...‚Ä¶ https://t.co/PKWvebWrHz"
@BBC,91,Fri Jul 20 13:03:04 +0000 2018,0.7845,0.361,0.639,0.0,"Tweet 91: Korean is rapidly growing in popularity, in a language-learning boom driven by the popularity of the country's‚Ä¶ https://t.co/t9EfT4am8g"
@BBC,92,Fri Jul 20 13:01:24 +0000 2018,0.0,0.0,1.0,0.0,Tweet 92: RT @BBCArchive: #OnThisDay 1969: Mankind made one giant leap. https://t.co/Szfw85ebOP
@BBC,93,Fri Jul 20 12:02:04 +0000 2018,-0.5216,0.0,0.64,0.36,Tweet 93: üêªüçû‚ô•Ô∏è Who doesn't love a teddy bear?  https://t.co/Pxd4u1WYLa
@BBC,94,Fri Jul 20 11:21:07 +0000 2018,0.6908,0.263,0.737,0.0,"Tweet 94: From satirical cartoons to original Rembrandts and taxidermy geese, there‚Äôs plenty to intrigue art lovers this summ‚Ä¶ https://t.co/9YDofEBDLI"
@BBC,95,Fri Jul 20 10:48:43 +0000 2018,0.0,0.0,1.0,0.0,"Tweet 95: RT @BBCEngland: ü¶ã If Sir David Attenborough wants us to count butterflies, we'll count butterflies... ü¶ã

#butterflycount

https://t.co/wlWn‚Ä¶"
@BBC,96,Fri Jul 20 10:44:50 +0000 2018,0.5719,0.163,0.837,0.0,Tweet 96: üòçüêæ The 150th anniversary of the founding of the golden retriever has been celebrated at the breed's ancestral home‚Ä¶ https://t.co/MP2ijSzMFg
@BBC,97,Fri Jul 20 09:11:11 +0000 2018,0.0,0.0,1.0,0.0,Tweet 97: üëÄ First look at brand new #DoctorWho https://t.co/V9UpeFtwMa
@BBC,98,Fri Jul 20 08:01:07 +0000 2018,-0.34,0.0,0.556,0.444,Tweet 98: üî• Fashion icon? https://t.co/8qdFXbOxmE
@BBC,99,Fri Jul 20 07:25:07 +0000 2018,0.3612,0.102,0.898,0.0,Tweet 99: ‚ö°Ô∏èüöô Half of young people in the UK would like to own an electric car ‚Äì compared with just a quarter of their parent‚Ä¶ https://t.co/wccWjtuyky
@BBC,100,Fri Jul 20 07:02:03 +0000 2018,0.3182,0.15,0.85,0.0,Tweet 100: üå≥ These curious 'animals' have been popping up in one London neighbourhood. https://t.co/EaVZ5RovIq
@CBS,1,Wed Jul 25 17:25:36 +0000 2018,0.75,0.273,0.727,0.0,"Tweet 1: This is one allowance that can‚Äôt be beat! Kids are winning big this week on @PriceIsRight. üéâ
 https://t.co/lncKu9XvNo"
@CBS,2,Wed Jul 25 15:12:31 +0000 2018,0.0,0.0,1.0,0.0,"Tweet 2: Renowned artists Cher, Philip Glass, Reba McEntire, Wayne Shorter, and the co-creators of #Hamilton will be recogni‚Ä¶ https://t.co/PEjjI9MKE1"
@CBS,3,Wed Jul 25 01:05:03 +0000 2018,0.34,0.118,0.882,0.0,Tweet 3: Who's excited for the return of @MurphyBrownCBS? Here's a behind-the-scenes look at the first table read of the sea‚Ä¶ https://t.co/1B5S4WJnCW
@CBS,4,Tue Jul 24 18:54:14 +0000 2018,-0.1511,0.068,0.834,0.099,"Tweet 4: Mark your calendars because you won‚Äôt want to miss this! Former Secretaries of State @HillaryClinton, @Madeleine, a‚Ä¶ https://t.co/JKDPp97OqN"
@CBS,5,Mon Jul 23 21:30:33 +0000 2018,0.8293,0.34,0.66,0.0,Tweet 5: The cast couldn‚Äôt be more excited to welcome @ansonmount into the @startrekcbs family! Who‚Äôs ready to see the iconi‚Ä¶ https://t.co/fOS4f4VCb2
@CBS,6,Sun Jul 22 01:56:13 +0000 2018,0.128,0.073,0.927,0.0,Tweet 6: RT @startrekcbs: Stream the full panel &amp; learn all the exclusive details revealed about season 2 of #StarTrekDiscovery at @Comic_Con: https‚Ä¶
@CBS,7,Sat Jul 21 00:55:28 +0000 2018,-0.296,0.0,0.891,0.109,Tweet 7: RT @MagnumPICBS: Couldn't make it to San Diego for the #MagnumPI panel? Here's everything you missed at #SDCC2018: https://t.co/Z7IBqF1YJ8‚Ä¶
@CBS,8,Sat Jul 21 00:19:12 +0000 2018,-0.296,0.0,0.891,0.109,Tweet 8: RT @bigbangtheory: The #BigBangTheory writers teased a honeymoon episode and more @YoungSheldon characters in Season 12 while speaking at #‚Ä¶
@CBS,9,Sat Jul 21 00:10:00 +0000 2018,-0.7964,0.0,0.736,0.264,"Tweet 9: RT @TrueCrimeCBS: When you find out you‚Äôve been treated with chemo, but you don‚Äôt have cancer. #Whistleblower https://t.co/DAKwu1vcNX"
@CBS,10,Fri Jul 20 23:44:54 +0000 2018,-0.6597,0.0,0.82,0.18,Tweet 10: George blew the whistle on a doctor targeting those who believed they had cancer. What was the outcome? Find out to‚Ä¶ https://t.co/rLlNzlK3Cy
@CBS,11,Fri Jul 20 22:29:36 +0000 2018,0.3182,0.095,0.905,0.0,"Tweet 11: RT @startrekcbs: Discover the next adventure of Starfleet in this first look at the season 2 premiere, coming early 2019. Season 1 is now s‚Ä¶"
@CBS,12,Fri Jul 20 21:39:09 +0000 2018,0.0,0.0,1.0,0.0,Tweet 12: Take a trip down memory lane with the cast and crew of @MagnumPICBS at #SDCC2018! https://t.co/jHVxm7kyaT
@CBS,13,Fri Jul 20 15:08:23 +0000 2018,0.0,0.0,1.0,0.0,"Tweet 13: This @cbsallaccess series is unlike any fairy tale you've ever seen before. @paulwesley, @kevwilliamson &amp;‚Ä¶ https://t.co/icsSnPxKAr"
@CBS,14,Tue Jul 17 17:55:25 +0000 2018,0.0,0.0,1.0,0.0,Tweet 14: ü§∞üë©‚Äçüëßüö´üç∏ #WorldEmojiDay
@CBS,15,Tue Jul 17 17:22:29 +0000 2018,0.0,0.0,1.0,0.0,Tweet 15: üë®üìù‚úîÔ∏è¬†#WorldEmojiDay
@CBS,16,Tue Jul 17 17:22:29 +0000 2018,0.0,0.0,1.0,0.0,Tweet 16: üë©‚Äçüíºüíºüá∫üá∏¬†#WorldEmojiDay
@CBS,17,Tue Jul 17 17:22:29 +0000 2018,0.0,0.0,1.0,0.0,Tweet 17: üïµÔ∏èüïµÔ∏è‚Äç‚ôÄÔ∏è¬†#WorldEmojiDay
@CBS,18,Tue Jul 17 17:22:29 +0000 2018,0.0,0.0,1.0,0.0,Tweet 18: ‚öìÔ∏èü¶Öüá∫üá∏¬†#WorldEmojiDay
@CBS,19,Tue Jul 17 17:22:29 +0000 2018,0.0,0.0,1.0,0.0,Tweet 19: üèÑüå¥üöî¬†#WorldEmojiDay
@CBS,20,Tue Jul 17 17:22:28 +0000 2018,0.0,0.0,1.0,0.0,Tweet 20: üíôüëÆüçΩ¬†#WorldEmojiDay
@CBS,21,Tue Jul 17 17:22:28 +0000 2018,0.0,0.0,1.0,0.0,Tweet 21: üí£üìé¬†#WorldEmojiDay
@CBS,22,Tue Jul 17 17:22:28 +0000 2018,0.0,0.0,1.0,0.0,Tweet 22: üåé‚òÑÔ∏è¬†#WorldEmojiDay
@CBS,23,Tue Jul 17 17:22:28 +0000 2018,0.0,0.0,1.0,0.0,Tweet 23: üè∑üí∞üé∞¬†#WorldEmojiDay
@CBS,24,Tue Jul 17 17:22:28 +0000 2018,0.0,0.0,1.0,0.0,Tweet 24: üë∂üò¥üö´¬†#WorldEmojiDay
@CBS,25,Tue Jul 17 17:22:28 +0000 2018,0.0,0.0,1.0,0.0,Tweet 25: ü§ùüíºüí∞¬†#WorldEmojiDay
@CBS,26,Tue Jul 17 17:22:27 +0000 2018,0.0,0.0,1.0,0.0,Tweet 26: üíÑüë†üì∑¬†#WorldEmojiDay
@CBS,27,Tue Jul 17 17:22:27 +0000 2018,0.0,0.0,1.0,0.0,Tweet 27: üèùüî•üíµ¬†#WorldEmojiDay
@CBS,28,Tue Jul 17 17:22:27 +0000 2018,0.0,0.0,1.0,0.0,Tweet 28: üêÆ‚öñÔ∏è¬†#WorldEmojiDay
@CBS,29,Tue Jul 17 17:22:27 +0000 2018,0.0,0.0,1.0,0.0,Tweet 29: üè†üìπüìπüìπ¬†#WorldEmojiDay
@CBS,30,Tue Jul 17 17:22:27 +0000 2018,0.0,0.0,1.0,0.0,Tweet 30: üë∂üí•üåéüî¨¬†#WorldEmojiDay
@CBS,31,Tue Jul 17 17:22:26 +0000 2018,0.0,0.0,1.0,0.0,Tweet 31: üí•üåéüî¨¬†#WorldEmojiDay
@CBS,32,Tue Jul 17 17:22:26 +0000 2018,0.807,0.258,0.742,0.0,Tweet 32: Celebrate #WorldEmojiDay with a fun game! Use the emoji sequences below to guess the CBS show. üëá Tweet your respons‚Ä¶ https://t.co/LCqvuVtkXK
@CBS,33,Fri Jul 13 21:35:01 +0000 2018,0.1139,0.078,0.922,0.0,"Tweet 33: Stand up. Speak up. Blow the whistle. 

Don't miss the premiere of the @TrueCrimeCBS series #Whistleblower tonight‚Ä¶ https://t.co/uNhx4Codc2"
@CBS,34,Fri Jul 13 21:15:41 +0000 2018,-0.4404,0.0,0.868,0.132,"Tweet 34: RT @TheNeighborhood: There's a new family on the block, and they're about to turn this neighborhood upside down. @CedEntertainer and @Tichi‚Ä¶"
@CBS,35,Fri Jul 13 17:49:38 +0000 2018,0.0,0.0,1.0,0.0,Tweet 35: Take a walk down @YandR_CBS memory lane with stars @JessWaltonYR and Peter Bergman! You can watch full episodes of‚Ä¶ https://t.co/MZEUfiJJyb
@CBS,36,Thu Jul 12 01:01:24 +0000 2018,0.6514,0.282,0.718,0.0,Tweet 36: RT @TKOCBS: Prepare to have some major FUN. #TKO starts NOW! https://t.co/i2ftL6GCj5
@CBS,37,Wed Jul 11 21:44:45 +0000 2018,0.5562,0.174,0.826,0.0,"Tweet 37: It‚Äôs fun, different, unique, and finally here! @TKOCBS hosted by @KevinHart4real premieres at 9/8c on CBS and‚Ä¶ https://t.co/MCeVLVK85i"
@CBS,38,Wed Jul 11 19:09:34 +0000 2018,0.5411,0.143,0.857,0.0,"Tweet 38: RT @MagnumPICBS: Talk about hands-on research! #MagnumPI's cast had the honor of joining the US Navy Submarine Force, US Pacific Fleet #Sub‚Ä¶"
@CBS,39,Mon Jul 09 23:55:07 +0000 2018,0.0,0.0,1.0,0.0,Tweet 39: Time to mark your calendars! CBS' fall 2018 premiere lineup has been announced: https://t.co/yYv3H9aEO7 https://t.co/lRxAA7suie
@CBS,40,Mon Jul 09 18:53:34 +0000 2018,-0.3818,0.0,0.894,0.106,"Tweet 40: RT @TKOCBS: The Ball Buster, the Frisboom, the Spike Launcher, and the Slammer‚Ä¶ Get to know all of the #TKO Battle Stations: https://t.co/2‚Ä¶"
@CBS,41,Mon Jul 09 18:09:00 +0000 2018,0.3182,0.103,0.897,0.0,"Tweet 41: RT @cbsallaccess: How much does it cost to bury the truth? #OneDollar premieres August 30, exclusively on CBS All Access. https://t.co/2HdY‚Ä¶"
@CBS,42,Fri Jul 06 22:22:55 +0000 2018,0.4019,0.153,0.847,0.0,"Tweet 42: RT @SalvationCBS: Mark your calendars, #Salvies: Monday's new #SalvationCBS will air at a special time, 10/9c. https://t.co/RUh1J7cfj8"
@CBS,43,Fri Jul 06 18:26:37 +0000 2018,0.8622,0.39,0.61,0.0,Tweet 43: Happy #InternationalKissingDay! See which stars we caught locking lips on the CBS Kiss Cam. üòò https://t.co/oMPCHZlgCl
@CBS,44,Thu Jul 05 21:12:17 +0000 2018,0.3612,0.102,0.898,0.0,Tweet 44: Have you heard? Tonight's the first Live Show of #BB20. Grab a seat and get ready to watch the action unfold on CBS‚Ä¶ https://t.co/0YgRV1HLGd
@CBS,45,Mon Jul 02 21:13:11 +0000 2018,0.3182,0.108,0.892,0.0,"Tweet 45: How much does it cost to bury the truth? #OneDollar premieres Thursday, August 30, exclusively on CBS All Access.‚Ä¶ https://t.co/1tab8eCaFz"
@CBS,46,Mon Jul 02 20:47:32 +0000 2018,0.0,0.0,1.0,0.0,Tweet 46: Take a first look at our @Comic_Con lineup along with details of what you can expect to see:‚Ä¶ https://t.co/JqBtlKcwq3
@CBS,47,Mon Jul 02 17:27:06 +0000 2018,0.0,0.0,1.0,0.0,Tweet 47: RT @TrueCrimeCBS: Two new true-crime series are set to premiere this July on CBS! Learn more about #Whistleblower and #PinkCollarCrimes bef‚Ä¶
@CBS,48,Mon Jul 02 17:00:02 +0000 2018,0.5411,0.259,0.741,0.0,"Tweet 48: If at first you don‚Äôt succeed on @PriceIsRight‚Ä¶bid, bid again! https://t.co/OWBaOsFZ3i"
@CBS,49,Wed Jun 27 20:31:32 +0000 2018,0.0,0.0,1.0,0.0,Tweet 49: What‚Äôs summer without @CBSBigBrother? ‚òÄÔ∏è RT if you‚Äôre counting down the hours to the #BB20 premiere TONIGHT at 8/7c‚Ä¶ https://t.co/Xp1s4Fp5J8
@CBS,50,Wed Jun 27 14:00:01 +0000 2018,0.7574,0.289,0.711,0.0,"Tweet 50: It looks like you...

(‚Ä¢_‚Ä¢)
( ‚Ä¢_‚Ä¢)&gt;‚åê‚ñ†-‚ñ†
(‚åê‚ñ†_‚ñ†)

Have a lot of TV to watch!

Celebrate #NationalSunglassesDay with H‚Ä¶ https://t.co/Babt4ajIgV"
@CBS,51,Mon Jun 25 18:20:25 +0000 2018,0.5574,0.204,0.796,0.0,Tweet 51: The world will finally know the truth. ‚òÑÔ∏è Make sure to tune in to the heart-pounding Season 2 premiere of‚Ä¶ https://t.co/mqMleW90DY
@CBS,52,Fri Jun 22 21:19:06 +0000 2018,0.1867,0.098,0.902,0.0,Tweet 52: Tonight's the night! Don't miss model @ashleygraham on the season finale of Celebrity @undercover_cbs at 8/7c. https://t.co/iBxAOcOF7a
@CBS,53,Fri Jun 22 18:33:53 +0000 2018,0.4199,0.189,0.811,0.0,"Tweet 53: Every day is #TakeYourDogToWorkDay for shows like @HawaiiFive0CBS, @MomCBS, @SEALTeamCBS, and @bigbangtheory! https://t.co/DJaOt1VQcw"
@CBS,54,Thu Jun 21 23:29:50 +0000 2018,0.4926,0.197,0.803,0.0,"Tweet 54: Lights, camera, selfie! üì∏¬†Could there be a better photo for #NationalSelfieDay? https://t.co/14Ewx64yKC"
@CBS,55,Wed Jun 20 00:39:01 +0000 2018,0.3555,0.199,0.68,0.122,Tweet 55: There‚Äôs nothing quite like watching a contestant win a brand new car on @PriceIsRight. üëè  https://t.co/aKlFikYAMM
@CBS,56,Mon Jun 18 20:27:50 +0000 2018,0.0,0.0,1.0,0.0,Tweet 56: Time to make your predictions for #BB20! üëè Get to know the @CBSBigBrother Houseguests before the big premiere next‚Ä¶ https://t.co/jlpIchJ9sk
@CBS,57,Mon Jun 18 15:00:46 +0000 2018,0.0,0.0,1.0,0.0,Tweet 57: RT @CBSBigBrother: Meet the cast of #BB20... before anyone else! Start streaming all their live interviews beginning at 11am EST/8am PST on‚Ä¶
@CBS,58,Sun Jun 17 13:00:01 +0000 2018,0.9392,0.493,0.507,0.0,"Tweet 58: Today and every day we celebrate their love, guidance, and support. Happy #FathersDay to every kind of dad! https://t.co/Wffax1khBH"
@CBS,59,Fri Jun 15 18:48:29 +0000 2018,0.3595,0.128,0.872,0.0,"Tweet 59: Casting Alert! @paulwesley, @DaniaJRamirez &amp; @JamesWolk are set to star in the upcoming CBS All Access psychologica‚Ä¶ https://t.co/JnZMrzT92n"
@CBS,60,Thu Jun 14 17:30:00 +0000 2018,-0.296,0.0,0.833,0.167,"Tweet 60: In case you missed it, watch the entire #TonyAwards now: https://t.co/Bm0yNV3Ff3 https://t.co/h3YnFkmSQJ"
@CBS,61,Thu Jun 14 16:19:32 +0000 2018,0.1779,0.147,0.734,0.12,Tweet 61: RT @StrangeAngel: Mastermind or maniac? Explore the brilliant mind of Jack Parsons in #StrangeAngel. Now streaming on CBS All Access: https‚Ä¶
@CBS,62,Tue Jun 12 00:19:23 +0000 2018,-0.5562,0.134,0.551,0.315,"Tweet 62: No pain, no gain, ALL Hart! Just one month until the premiere of @TKOCBS hosted by @KevinHart4real. https://t.co/C1yMCglxVn"
@CBS,63,Mon Jun 11 22:23:06 +0000 2018,0.5093,0.171,0.829,0.0,"Tweet 63: RT @TheNeighborhood: Welcome to #TheNeighborhood, @BethBehrs! The @2BrokeGirls star returns to @CBS in a new sitcom alongside @CedEntertain‚Ä¶"
@CBS,64,Mon Jun 11 19:01:38 +0000 2018,-0.296,0.0,0.833,0.167,"Tweet 64: In case you missed it, watch the entire #TonyAwards now: https://t.co/Bm0yNV3Ff3 https://t.co/3GA5otlcPa"
@CBS,65,Mon Jun 11 14:00:37 +0000 2018,0.0,0.0,1.0,0.0,Tweet 65: How do you know @SaraBareilles and @joshgroban's music? #TonyAwards https://t.co/POMXBORfUT
@CBS,66,Mon Jun 11 06:19:36 +0000 2018,0.0,0.0,1.0,0.0,Tweet 66: Here are all the performances from the 2018 #TonyAwards: https://t.co/gN4ItpFlRd https://t.co/fSMNBXKC9r
@CBS,67,Mon Jun 11 06:04:41 +0000 2018,0.4767,0.22,0.78,0.0,Tweet 67: See the complete list of winners from the 2018 #TonyAwards: https://t.co/9XK6CGeber https://t.co/HkUIN4Quej
@CBS,68,Mon Jun 11 03:10:33 +0000 2018,0.8478,0.406,0.594,0.0,Tweet 68: An end to a magical evening. The Band's Visit wins for Best Musical! #TonyAwards https://t.co/ODza97n8YH
@CBS,69,Mon Jun 11 03:02:06 +0000 2018,0.92,0.463,0.537,0.0,Tweet 69: Congratulations are in order for @TheKatrinaLenk! She just won for Best Leading Actress in a Musical. #TonyAwards https://t.co/t9bNvpiEmH
@CBS,70,Mon Jun 11 02:58:30 +0000 2018,0.4404,0.175,0.737,0.088,"Tweet 70: RT @CBSThisMorning: Hmm... something seems off here @SaraBareilles @JoshGroban. üòÇ

@WaitressMusical @GreatCometBway #TonyAwards https://t.c‚Ä¶"
@CBS,71,Mon Jun 11 02:56:40 +0000 2018,0.4404,0.153,0.847,0.0,Tweet 71: RT @_stobin13: watching the #TonyAwards after going to 3 broadway shows this weekend makes it even better üòçü§©
@CBS,72,Mon Jun 11 02:56:10 +0000 2018,0.836,0.467,0.533,0.0,Tweet 72: Tony Shalhoub wins Best Leading Actor in a Musical. #TonyAwards   #TheBandsVisit https://t.co/KcUDSicKI5
@CBS,73,Mon Jun 11 02:53:00 +0000 2018,0.0,0.0,1.0,0.0,Tweet 73: The Boss looks right at home on the #TonyAwards stage! https://t.co/pwjv4iydkn
@CBS,74,Mon Jun 11 02:47:29 +0000 2018,0.6369,0.318,0.682,0.0,Tweet 74: RT @Aatamianphoto: Springsteen is on the #TonyAwards and I love it.
@CBS,75,Mon Jun 11 02:44:50 +0000 2018,0.7978,0.543,0.457,0.0,Tweet 75: Inspiration: Get to your YES! #OnceOnThisIsland #TonyAwards https://t.co/Wjp0QIWfXq
@CBS,76,Mon Jun 11 02:44:37 +0000 2018,0.9523,0.516,0.484,0.0,Tweet 76: The feeling when you win a Tony. üôå¬†Congratulations to Once on This Island for winning Best Revival of a Musical!‚Ä¶ https://t.co/UpFCqgBTwh
@CBS,77,Mon Jun 11 02:33:09 +0000 2018,0.5994,0.302,0.698,0.0,Tweet 77: What a beautiful performance by the cast of #TheBandsVisit. #TonyAwards https://t.co/4Hw96kZvrf
@CBS,78,Mon Jun 11 02:29:18 +0000 2018,0.4215,0.123,0.877,0.0,"Tweet 78: ""I'm a living example of how theatre can change you - and it didn't just change me, it saved me."" @JohnLeguizamo at‚Ä¶ https://t.co/4ICwMhb6hv"
@CBS,79,Mon Jun 11 02:23:56 +0000 2018,0.8932,0.517,0.483,0.0,Tweet 79: Angels in America takes the win for Best Revival of a Play! #TonyAwards https://t.co/zodW61tw8a
@CBS,80,Mon Jun 11 02:21:03 +0000 2018,0.0,0.0,1.0,0.0,"Tweet 80: RT @leahableson: The Once On This Island Goat And Chicken made it to the broadcast, Mama WILL provide #TonyAwards"
@CBS,81,Mon Jun 11 02:16:06 +0000 2018,0.0,0.0,1.0,0.0,Tweet 81: That performance was the GOAT. #TonyAwards https://t.co/mtoU92HipQ
@CBS,82,Mon Jun 11 02:11:03 +0000 2018,0.8908,0.491,0.509,0.0,Tweet 82: Harry Potter and the Cursed Child wins Best Play at the #TonyAwards! @HPPlayNYC https://t.co/WIqJQmtAlN
@CBS,83,Mon Jun 11 02:05:47 +0000 2018,0.0,0.0,1.0,0.0,Tweet 83: üé∂ ‚ÄúLet's dance this last dance tonight.‚Äù üé∂ #TonyAwards #DonnaSummerMusical https://t.co/UAIaglChfv
@CBS,84,Mon Jun 11 02:03:31 +0000 2018,0.4926,0.262,0.738,0.0,Tweet 84: Hope he brought enough birthday cake for everyone! #TonyAwards https://t.co/FlLbKV6oj8
@CBS,85,Mon Jun 11 01:58:48 +0000 2018,0.5093,0.523,0.477,0.0,Tweet 85: @writerlindsayb You're welcome! #TonyAwards
@CBS,86,Mon Jun 11 01:53:17 +0000 2018,0.7579,0.481,0.519,0.0,Tweet 86: RT @hjmayer8: I sure do love @DearEvanHansen üíô #TonyAwards
@CBS,87,Mon Jun 11 01:51:16 +0000 2018,0.6467,0.248,0.752,0.0,"Tweet 87: RT @Valerie4815: What a birthday present, the Tony audience singing happy birthday to you!! #TonyAwards"
@CBS,88,Mon Jun 11 01:38:23 +0000 2018,0.0,0.0,1.0,0.0,Tweet 88: If only this performance could go on forever. #TonyAwards @FrozenBroadway https://t.co/p2BMUvyTxr
@CBS,89,Mon Jun 11 01:37:36 +0000 2018,0.636,0.276,0.724,0.0,Tweet 89: RT @anna_villanueva: Magnificent performance from the cast of @FrozenBroadway! #TonyAwards2018 #TonyAwards #Tonys
@CBS,90,Mon Jun 11 01:30:56 +0000 2018,0.8834,0.563,0.437,0.0,Tweet 90: Glenda Jackson wins Best Leading Actress in a Play. #TonyAwards @threetallwomen https://t.co/GRp1gcBuiW
@CBS,91,Mon Jun 11 01:29:21 +0000 2018,0.0,0.0,1.0,0.0,Tweet 91: .@SaraBareilles is totally a Gryffindor. #TonyAwards https://t.co/OPQ7esk2dn
@CBS,92,Mon Jun 11 01:26:03 +0000 2018,0.7351,0.296,0.625,0.079,Tweet 92: RT @IzzyNY202: How impressive are these Marjory Stoneman Douglas students? That #TonyAwards performance reduced me to tears. Amazing.
@CBS,93,Mon Jun 11 01:25:59 +0000 2018,0.0,0.0,1.0,0.0,Tweet 93: RT @KatLargent: MAGIC #TonyAwards
@CBS,94,Mon Jun 11 01:24:46 +0000 2018,0.0,0.0,1.0,0.0,Tweet 94: Such a touching moment at the #TonyAwards. ‚ù§Ô∏è https://t.co/4kJWTHVPZ8
@CBS,95,Mon Jun 11 01:24:12 +0000 2018,0.4019,0.162,0.838,0.0,Tweet 95: .@Matt_Morrison welcomes the Marjory Stoneman Douglas High School theatre department to the stage. #TonyAwards https://t.co/5dxa9smeka
@CBS,96,Mon Jun 11 01:19:59 +0000 2018,0.9151,0.457,0.543,0.0,Tweet 96: So many feels at the #TonyAwards. Congratulations to @arielstachel for winning Best Featured Actor in a Musical!‚Ä¶ https://t.co/m1aRNIHPRK
@CBS,97,Mon Jun 11 01:12:31 +0000 2018,0.6369,0.375,0.625,0.0,Tweet 97: RT @McBenefit: I love everything about you @UzoAduba. #TonyAwards
@CBS,98,Mon Jun 11 01:08:28 +0000 2018,0.1511,0.102,0.898,0.0,Tweet 98: RT if that musical number by the cast of Carousel blew you away! #TonyAwards https://t.co/CMzMNtcAQO
@CBS,99,Mon Jun 11 01:08:24 +0000 2018,0.1531,0.148,0.852,0.0,Tweet 99: Nathan Lane saw his #AngelsinAmerica role as a challenge. How will you challenge yourself in 2018? #TonyAwards https://t.co/3WXd6AqgBi
@CBS,100,Mon Jun 11 01:02:47 +0000 2018,0.8834,0.563,0.437,0.0,Tweet 100: Nathan Lane wins Best Featured Actor in a Play. #TonyAwards @angelsbway https://t.co/xc8M7JtLDE
@CNN,1,Thu Jul 26 16:20:12 +0000 2018,-0.4767,0.0,0.806,0.194,Tweet 1: What happens if the US misses its deadline to reunite families? The short answer: No one really knows.‚Ä¶ https://t.co/TV2zdSGBMw
@CNN,2,Thu Jul 26 16:10:04 +0000 2018,-0.438,0.0,0.806,0.194,"Tweet 2: Michael Cohen sent up flares, but Trump never came to help https://t.co/eWI6GQpwUz https://t.co/jNJAEC8Whp"
@CNN,3,Thu Jul 26 16:05:58 +0000 2018,-0.3089,0.0,0.889,0.111,Tweet 3: House Speaker Paul Ryan says he does not support House conservatives' efforts to impeach Deputy Attorney General Ro‚Ä¶ https://t.co/cElEhCJpqa
@CNN,4,Thu Jul 26 15:55:58 +0000 2018,0.0,0.0,1.0,0.0,Tweet 4: Why Trump blinked on Putin and trade | Analysis by @StCollinson https://t.co/xJsLdo5hId https://t.co/AV7H4sxozE
@CNN,5,Thu Jul 26 15:44:06 +0000 2018,-0.8176,0.0,0.727,0.273,"Tweet 5: Mary Ellis, a ""pioneering female aviator"" who flew in World War II, has died at the age of 101. Ellis helped delive‚Ä¶ https://t.co/ATx0QddWD6"
@CNN,6,Thu Jul 26 15:30:06 +0000 2018,-0.4588,0.0,0.85,0.15,Tweet 6: Some immigrant parents are facing a heartbreaking choice of whether to bring their children with them when they're‚Ä¶ https://t.co/lnVYbeEaS2
@CNN,7,Thu Jul 26 15:20:00 +0000 2018,0.6597,0.213,0.787,0.0,"Tweet 7: David Thomas waited all his life to see the ocean. With the help of a special beach wheelchair, he finally got the‚Ä¶ https://t.co/ig5em8fGXZ"
@CNN,8,Thu Jul 26 15:09:00 +0000 2018,0.3182,0.108,0.892,0.0,Tweet 8: This new NASA animation shows the dramatic increase of near-Earth objects. See how many asteroids and comets have c‚Ä¶ https://t.co/p2wrunRzT8
@CNN,9,Thu Jul 26 14:58:04 +0000 2018,0.0,0.0,1.0,0.0,"Tweet 9: Putin gave Trump a soccer ball during a news conference last week in Helsinki, Finland -- and the ball may have con‚Ä¶ https://t.co/yUXgCUc0Eo"
@CNN,10,Thu Jul 26 14:48:25 +0000 2018,0.2732,0.116,0.884,0.0,Tweet 10: Former Trump administration aide Omarosa Manigault-Newman has an August surprise for the President and the public:‚Ä¶ https://t.co/vcEzUVHEkg
@CNN,11,Thu Jul 26 14:33:55 +0000 2018,-0.6249,0.0,0.773,0.227,Tweet 11: Facebook stock is on track for its worst day ever. CNN‚Äôs @CristinaAlesci explains: https://t.co/wcUlUvMeIz https://t.co/7oBysi0LNc
@CNN,12,Thu Jul 26 14:20:06 +0000 2018,-0.8658,0.0,0.686,0.314,"Tweet 12: More than 200 people dead, 180 wounded after ISIS militants go home to home, killing families as they slept, before‚Ä¶ https://t.co/G9fn3RkyfP"
@CNN,13,Thu Jul 26 14:09:57 +0000 2018,0.3818,0.219,0.664,0.117,"Tweet 13: After a series of prominent failures, there's reason to be hopeful in the search for a drug to slow the progression‚Ä¶ https://t.co/nqN8PtOY1B"
@CNN,14,Thu Jul 26 13:54:55 +0000 2018,0.0,0.0,1.0,0.0,Tweet 14: The oldest American candy company has suddenly closed its factory https://t.co/8wZujsHhOZ https://t.co/gOlWoOgKh8
@CNN,15,Thu Jul 26 13:42:28 +0000 2018,-0.296,0.0,0.82,0.18,"Tweet 15: New Zealand has accused Australia of ""copying"" its flag https://t.co/8hfKN2SZxF https://t.co/7kfiiwIYFh"
@CNN,16,Thu Jul 26 13:36:30 +0000 2018,-0.7783,0.0,0.719,0.281,Tweet 16: RT @CNNMoney: Nasdaq drops 1% at the open as Facebook plunges 19%. Facebook on track for worst one-day drop after issuing gloomy forecast.‚Ä¶
@CNN,17,Thu Jul 26 13:25:05 +0000 2018,-0.4019,0.0,0.881,0.119,Tweet 17: UK summer temperatures are set to hit new highs and deadly heat waves are projected to become a bigger problem beca‚Ä¶ https://t.co/EMUHTmzdsE
@CNN,18,Thu Jul 26 13:14:44 +0000 2018,0.0,0.0,1.0,0.0,"Tweet 18: The US government has until 6 p.m. ET today to reunite all eligible families that it separated. 

Follow here for l‚Ä¶ https://t.co/CTyGBEG2p6"
@CNN,19,Thu Jul 26 13:04:02 +0000 2018,-0.0258,0.146,0.704,0.15,Tweet 19: What happened the last time a President chose America's enemies over its friends | Manisha Sinha for @CNNopinion‚Ä¶ https://t.co/wZ9pyZTS0M
@CNN,20,Thu Jul 26 12:50:03 +0000 2018,0.0,0.0,1.0,0.0,Tweet 20: This new skyscraper in China has a 354-foot-tall artificial waterfall https://t.co/Hvs8Dxn9zo https://t.co/5VWkRmABQB
@CNN,21,Thu Jul 26 12:36:39 +0000 2018,-0.8658,0.0,0.584,0.416,Tweet 21: Disgraced USA Gymnastics team doctor Larry Nassar is asking to be resentenced on sexual assault charges in Michigan‚Ä¶ https://t.co/y5MZJ7iDZW
@CNN,22,Thu Jul 26 12:33:13 +0000 2018,0.0,0.0,1.0,0.0,"Tweet 22: When students return to Marjory Stoneman Douglas High School in three weeks, they won't have to use see-through bac‚Ä¶ https://t.co/ovZM4HRqNG"
@CNN,23,Thu Jul 26 12:17:31 +0000 2018,0.5106,0.202,0.798,0.0,"Tweet 23: Today's top business headlines with @ChristineRomans before the opening bell on Wall Street:

- US, EU agree to wor‚Ä¶ https://t.co/0WPuhYj8eK"
@CNN,24,Thu Jul 26 12:02:26 +0000 2018,-0.5859,0.0,0.789,0.211,Tweet 24: A person police were trying to arrest near Phoenix took an officer's gun and shot two Arizona state troopers Wednes‚Ä¶ https://t.co/2EVHRXJEUw
@CNN,25,Thu Jul 26 11:50:03 +0000 2018,-0.0772,0.152,0.733,0.115,"Tweet 25: No matter where you are in the US, chances are high you're experiencing extreme weather today‚Ä¶ https://t.co/F2M4bQ8Mv5"
@CNN,26,Thu Jul 26 11:40:06 +0000 2018,-0.6369,0.086,0.643,0.271,Tweet 26: New Zealand has passed legislation giving victims of domestic violence the right to ask for 10 days of paid leave i‚Ä¶ https://t.co/fL8Vu05XaU
@CNN,27,Thu Jul 26 11:33:05 +0000 2018,0.0,0.0,1.0,0.0,"Tweet 27: 5 things for Thursday:

- White House
- Syria
- Facebook
- Toronto shooting
- Mars

https://t.co/EktAwCmacf https://t.co/SHcAXIqUji"
@CNN,28,Thu Jul 26 11:21:25 +0000 2018,-0.8176,0.0,0.727,0.273,"Tweet 28: Mary Ellis, a ""pioneering female aviator"" who flew in World War II, has died at the age of 101. Ellis helped delive‚Ä¶ https://t.co/4oUx6E08YE"
@CNN,29,Thu Jul 26 11:08:59 +0000 2018,0.4939,0.262,0.738,0.0,Tweet 29: These startups are trying to save local news https://t.co/JHJh7VtGe0 https://t.co/3OTuTiJDAa
@CNN,30,Thu Jul 26 10:53:05 +0000 2018,0.4522,0.129,0.871,0.0,Tweet 30: This man built a floating bicycle so he could clean trash from a river in order to raise awareness about plastic po‚Ä¶ https://t.co/If9omiRdkF
@CNN,31,Thu Jul 26 10:35:04 +0000 2018,-0.7506,0.0,0.701,0.299,Tweet 31: Two off-duty New Orleans police officers were arrested after allegedly assaulting a man outside a bar early Tuesday‚Ä¶ https://t.co/VFUDZ2UiFn
@CNN,32,Thu Jul 26 10:34:30 +0000 2018,-0.8658,0.0,0.584,0.416,Tweet 32: Disgraced USA Gymnastics team doctor Larry Nassar is asking to be resentenced on sexual assault charges in Michigan‚Ä¶ https://t.co/1DpVWdwpYo
@CNN,33,Thu Jul 26 10:27:02 +0000 2018,-0.6369,0.1,0.583,0.317,"Tweet 33: New Zealand has passed legislation giving victims of domestic violence the right to ask for 
paid leave https://t.co/PZI9VCTPY5"
@CNN,34,Thu Jul 26 10:24:34 +0000 2018,0.0,0.0,1.0,0.0,Tweet 34: Investors are embracing the booming economy -- but they're preparing for a downturn https://t.co/jjSQMxnTLx
@CNN,35,Thu Jul 26 10:17:29 +0000 2018,-0.296,0.0,0.82,0.18,"Tweet 35: New Zealand has accused Australia of ""copying"" its flag https://t.co/XgCNGXgTG8 https://t.co/4jevn2aXQh"
@CNN,36,Thu Jul 26 10:10:21 +0000 2018,0.0,0.0,1.0,0.0,Tweet 36: An audio expert analyzes the secret Trump-Cohen tape https://t.co/3NJOvXkrsD https://t.co/iMf2SMpzQM
@CNN,37,Thu Jul 26 10:00:36 +0000 2018,-0.5574,0.0,0.806,0.194,"Tweet 37: Days after a deadly shooting rampage, Toronto wants to ban handgun sales in the city https://t.co/ELSgOl5GPG https://t.co/MWMldELdOA"
@CNN,38,Thu Jul 26 09:53:38 +0000 2018,-0.296,0.0,0.833,0.167,Tweet 38: A man has been accused of starting the fast-growing California wildfire https://t.co/M8RfI96P3S https://t.co/wtZ2zypQov
@CNN,39,Thu Jul 26 09:44:07 +0000 2018,0.5859,0.275,0.725,0.0,Tweet 39: Undefeated Triple Crown winner Justify is retiring from racing https://t.co/R0urCb0ZyF https://t.co/8Zt3d3izHg
@CNN,40,Thu Jul 26 09:32:29 +0000 2018,0.0,0.0,1.0,0.0,Tweet 40: The usually ultra-competitive White House press corps is showing unity after one reporter was barred from a preside‚Ä¶ https://t.co/TWmn9gj055
@CNN,41,Thu Jul 26 09:20:53 +0000 2018,0.0,0.0,1.0,0.0,"Tweet 41: When students return to Marjory Stoneman Douglas High School in three weeks, they won't have to use see-through bac‚Ä¶ https://t.co/2ad0tyW13W"
@CNN,42,Thu Jul 26 09:09:28 +0000 2018,0.3818,0.219,0.664,0.117,"Tweet 42: After a series of prominent failures, there's reason to be hopeful in the search for a drug to slow the progression‚Ä¶ https://t.co/008RZIkDDU"
@CNN,43,Thu Jul 26 08:57:53 +0000 2018,-0.4829,0.0,0.813,0.187,"Tweet 43: ""You don't talk; you watch talk shows. You don't play games; you watch game shows. Travel, relationships, risk: Eve‚Ä¶ https://t.co/xwbCco9YNI"
@CNN,44,Thu Jul 26 08:46:42 +0000 2018,0.0,0.0,1.0,0.0,Tweet 44: Investors are embracing the booming economy -- but they're preparing for a downturn https://t.co/AIfdK6aY1p
@CNN,45,Thu Jul 26 08:35:31 +0000 2018,0.0,0.0,1.0,0.0,"Tweet 45: Putin gave Trump a soccer ball during a news conference last week in Helsinki, Finland -- and the ball may have con‚Ä¶ https://t.co/PdvVpout87"
@CNN,46,Thu Jul 26 08:22:59 +0000 2018,-0.2023,0.0,0.899,0.101,"Tweet 46: YouTube has deleted four videos posted by InfoWars founder Alex Jones, the controversial online personality famous‚Ä¶ https://t.co/qJWH5TojPG"
@CNN,47,Thu Jul 26 08:06:32 +0000 2018,0.2023,0.087,0.913,0.0,Tweet 47: Europe's top court has dealt Nestle a major setback in its effort to trademark the shape of the four-finger KitKat https://t.co/1U6V3tgeP5
@CNN,48,Thu Jul 26 07:20:05 +0000 2018,-0.9509,0.0,0.544,0.456,"Tweet 48: The dam collapse that has killed at least 26 people and made more than 6,000 homeless is the worst disaster faced b‚Ä¶ https://t.co/QVVJ245a5U"
@CNN,49,Thu Jul 26 07:12:18 +0000 2018,-0.7184,0.0,0.739,0.261,"Tweet 49: Days after a shooting rampage in Toronto killed two people, its city council voted overwhelmingly to urge its feder‚Ä¶ https://t.co/0yAxe9BRNm"
@CNN,50,Thu Jul 26 07:03:46 +0000 2018,0.1779,0.131,0.769,0.1,Tweet 50: Investigators hope data from a missing Iowa woman's Fitbit may give them clues to her whereabouts after her disappe‚Ä¶ https://t.co/LHIiBc9YP8
@CNN,51,Thu Jul 26 06:50:27 +0000 2018,-0.4404,0.0,0.868,0.132,"Tweet 51: A large blaze at an apartment block in West Hampstead, London has been brought under control, according to London F‚Ä¶ https://t.co/EvW9CTTtUh"
@CNN,52,Thu Jul 26 06:49:48 +0000 2018,0.0,0.0,1.0,0.0,"Tweet 52: An explosive device has been detonated in a public area at the US embassy in Beijing, close to the main compound, a‚Ä¶ https://t.co/OiRg5eJfMZ"
@CNN,53,Thu Jul 26 06:46:26 +0000 2018,0.0,0.0,1.0,0.0,"Tweet 53: An explosive device has been detonated in a public area at the US embassy in Beijing, close to the main compound, a‚Ä¶ https://t.co/whvC3yCvg8"
@CNN,54,Thu Jul 26 06:34:28 +0000 2018,0.0,0.0,1.0,0.0,"Tweet 54: An incident has taken place outside the US embassy compound in Beijing, CNN has confirmed. https://t.co/L6wbsZycdY"
@CNN,55,Thu Jul 26 06:31:05 +0000 2018,0.128,0.127,0.769,0.104,"Tweet 55: Former President Jimmy Carter says the United States has ""lost its place"" as a global leader in human rights‚Ä¶ https://t.co/7VV8Lz6KZq"
@CNN,56,Thu Jul 26 06:31:00 +0000 2018,0.0,0.0,1.0,0.0,Tweet 56: The man who fishes for plastic from a floating bicycle https://t.co/zXCDV2kSU7 https://t.co/ZbXnJfKGUi
@CNN,57,Thu Jul 26 06:04:06 +0000 2018,0.0,0.0,1.0,0.0,Tweet 57: An audio expert analyzes the secret Trump-Cohen tape https://t.co/yPqMpPXJIq https://t.co/uNEb19vgCk
@CNN,58,Thu Jul 26 06:01:00 +0000 2018,0.3612,0.122,0.878,0.0,"Tweet 58: It‚Äôs like a real-life Iron Man. This flying suit was built using 3D printed parts, specialist electronics and five‚Ä¶ https://t.co/MpOX1uUViQ"
@CNN,59,Thu Jul 26 05:59:05 +0000 2018,0.0,0.0,1.0,0.0,"Tweet 59: Misty Copeland, Gigi Hadid to star in 2019 Pirelli calendar https://t.co/KqmdECr09d via @CNNStyle https://t.co/H7JUC2MqW1"
@CNN,60,Thu Jul 26 05:50:07 +0000 2018,-0.4215,0.0,0.798,0.202,Tweet 60: A Japanese politician has come under fire for questioning whether LGBT taxpayers should receive equal welfare benef‚Ä¶ https://t.co/F4SCglpMJs
@CNN,61,Thu Jul 26 05:44:07 +0000 2018,-0.296,0.0,0.885,0.115,"Tweet 61: New Zealand's acting Prime Minister Winston Peters has accused Australia of copying his country's flag, telling its‚Ä¶ https://t.co/2yjOSBwC7z"
@CNN,62,Thu Jul 26 05:37:06 +0000 2018,0.2263,0.091,0.909,0.0,"Tweet 62: After years of research, scientists have confirmed that liquid water exists on Mars. This could allow humans to fur‚Ä¶ https://t.co/HLjJuhfvDX"
@CNN,63,Thu Jul 26 05:31:00 +0000 2018,0.0,0.0,1.0,0.0,Tweet 63: Watch this massive cargo plane pull off a loop-the-loop https://t.co/ySjuGTag20 https://t.co/WpJiCrMY9t
@CNN,64,Thu Jul 26 05:29:06 +0000 2018,-0.0258,0.169,0.656,0.175,Tweet 64: What happened the last time a President chose America's enemies over its friends https://t.co/rcyTfwhYBy https://t.co/Sj00T880dz
@CNN,65,Thu Jul 26 05:21:03 +0000 2018,-0.296,0.0,0.901,0.099,"Tweet 65: When students return to Marjory Stoneman Douglas High School in three weeks, they will no longer have to wear see-t‚Ä¶ https://t.co/uSMHMWYEbA"
@CNN,66,Thu Jul 26 05:16:00 +0000 2018,0.0,0.0,1.0,0.0,"Tweet 66: This is Japan's art island, where the museums were custom-built to exhibit famous works https://t.co/sjvAj0khSv https://t.co/vfzBd06HSG"
@CNN,67,Thu Jul 26 05:14:08 +0000 2018,0.4404,0.172,0.828,0.0,"Tweet 67: I'm almost 9 years sober, and Demi Lovato inspires me | By Nicole Slaughter-Graham via @CNNOpinion‚Ä¶ https://t.co/ULLzw3758Z"
@CNN,68,Thu Jul 26 05:07:03 +0000 2018,0.0,0.0,1.0,0.0,Tweet 68: Archaeologists may have unearthed the nearly 400-year-old skeleton of America's second governor‚Ä¶ https://t.co/DyiZOvPMC7
@CNN,69,Thu Jul 26 05:01:00 +0000 2018,0.4019,0.153,0.847,0.0,Tweet 69: This Florida police officer helped a homeless man shave to help him land a job at a restaurant‚Ä¶ https://t.co/eFWWZuoJmz
@CNN,70,Thu Jul 26 04:59:03 +0000 2018,-0.296,0.0,0.845,0.155,Tweet 70: The controversy over a missing portion of the Trump-Putin news conference transcript https://t.co/jxiXu0Lpt2 https://t.co/D0ouZZ2wzY
@CNN,71,Thu Jul 26 04:53:07 +0000 2018,-0.5994,0.101,0.537,0.362,Tweet 71: Michael Cohen's tape leak could complicate his legal troubles https://t.co/nXOIMwjEJH https://t.co/svtFujr3st
@CNN,72,Thu Jul 26 04:46:00 +0000 2018,0.2263,0.091,0.909,0.0,"Tweet 72: After years of research, scientists have confirmed that liquid water exists on Mars. This could allow humans to fur‚Ä¶ https://t.co/IgjBc71bZX"
@CNN,73,Thu Jul 26 04:43:05 +0000 2018,0.0,0.0,1.0,0.0,"Tweet 73: Putin gave Trump an Adidas soccer ball during a news conference last week in Helsinki, Finland -- and the ball may‚Ä¶ https://t.co/fgDQI2FEOW"
@CNN,74,Thu Jul 26 04:37:06 +0000 2018,0.0,0.0,1.0,0.0,"Tweet 74: The Trump administration has released $195 million in military aid to Egypt, funds that had been previously withhel‚Ä¶ https://t.co/D7qUFf0PPl"
@CNN,75,Thu Jul 26 04:31:00 +0000 2018,0.3182,0.108,0.892,0.0,Tweet 75: This new NASA animation shows the dramatic increase of near-Earth objects. See how many asteroids and comets have c‚Ä¶ https://t.co/l219iqGhxa
@CNN,76,Thu Jul 26 04:28:04 +0000 2018,0.4404,0.225,0.775,0.0,Tweet 76: An experimental Alzheimer's drug stirs hope after early trials https://t.co/ytGnF1Ft8F https://t.co/RfdDpqy6o9
@CNN,77,Thu Jul 26 04:23:07 +0000 2018,0.0,0.0,1.0,0.0,"Tweet 77: Ford says it is planning big changes to its core auto business in the coming years, and it will spend big bucks --‚Ä¶ https://t.co/2ccXHjxebU"
@CNN,78,Thu Jul 26 04:16:04 +0000 2018,0.3612,0.135,0.865,0.0,"Tweet 78: Jeff Sessions' smile at ""lock her up"" tells us everything | By Peggy Drexler via @CNNOpinion https://t.co/rC2TGt9mYE https://t.co/of8Jep7Btm"
@CNN,79,Thu Jul 26 04:16:00 +0000 2018,0.6597,0.213,0.787,0.0,"Tweet 79: David Thomas waited all his life to see the ocean. With the help of a special beach wheelchair, he finally got the‚Ä¶ https://t.co/roe1Z0uEYU"
@CNN,80,Thu Jul 26 04:13:05 +0000 2018,-0.6124,0.0,0.818,0.182,"Tweet 80: Mattel is laying off more than 2,200 employees after a dismal quarter -- 22% of its non-manufacturing workforce.

T‚Ä¶ https://t.co/2yHg4HhFVy"
@CNN,81,Thu Jul 26 04:06:06 +0000 2018,-0.3182,0.0,0.892,0.108,Tweet 81: TV host Chris Hardwick will return to his AMC talk shows following an investigation into accusations by his ex-girl‚Ä¶ https://t.co/PNKbp0Qqi5
@CNN,82,Thu Jul 26 04:01:07 +0000 2018,-0.6597,0.0,0.759,0.241,"Tweet 82: Failed Republican Senate candidate Roy Moore is suing for defamation, claiming that campaign ads that ran during th‚Ä¶ https://t.co/yj7OHFHfHJ"
@CNN,83,Thu Jul 26 04:01:00 +0000 2018,-0.0772,0.126,0.736,0.139,"Tweet 83: President Trump's star on the Hollywood Walk of Fame was destroyed by a man with a pickax earlier today, according‚Ä¶ https://t.co/Jagwnb1wN3"
@CNN,84,Thu Jul 26 03:57:08 +0000 2018,-0.7783,0.074,0.586,0.34,"Tweet 84: Police suspect a gang of female thieves has stolen yoga pants worth tens of thousands of dollars.

Several Lululemo‚Ä¶ https://t.co/Wnw2YKqTs2"
@CNN,85,Thu Jul 26 03:55:16 +0000 2018,-0.6124,0.096,0.654,0.25,"Tweet 85: RT @CNNTonight: ""I feel like I betrayed my daughter-in-law."" Woman says she regrets voting for Trump after daughter-in-law was deported htt‚Ä¶"
@CNN,86,Thu Jul 26 03:53:07 +0000 2018,0.0,0.0,1.0,0.0,"Tweet 86: ""Just remember, what you're seeing and what you're reading is not what's happening"": Donald Trump and the Ministry‚Ä¶ https://t.co/X1tyHop2sf"
@CNN,87,Thu Jul 26 03:53:06 +0000 2018,-0.3612,0.085,0.754,0.161,"Tweet 87: A growing wildfire covering around 3,000 acres of California's San Bernardino National Forest has destroyed homes a‚Ä¶ https://t.co/i1AFQZLwmo"
@CNN,88,Thu Jul 26 03:47:07 +0000 2018,0.0,0.0,1.0,0.0,"Tweet 88: Facebook's revenue hit $13.2 billion for the quarter, up 42% from the same period a year prior. But the figure fell‚Ä¶ https://t.co/bLvOSjodEW"
@CNN,89,Thu Jul 26 03:46:01 +0000 2018,0.0,0.123,0.755,0.123,"Tweet 89: Malaysian Prime Minister Mahathir Mohamad, who staged a stunning election upset earlier this year to return to powe‚Ä¶ https://t.co/WbYt9HJNBw"
@CNN,90,Thu Jul 26 03:34:08 +0000 2018,0.0,0.0,1.0,0.0,Tweet 90: 30 members of Congress have reviewed largely unredacted copies of the highly sensitive surveillance-warrant applica‚Ä¶ https://t.co/Ze4PKVf6h3
@CNN,91,Thu Jul 26 03:33:53 +0000 2018,-0.688,0.0,0.779,0.221,"Tweet 91: RT @CuomoPrimeTime: Democratic Sen. @timkaine on Trump-Cohen audio: ‚ÄúThat tape is very, very damning and it points out real problems with t‚Ä¶"
@CNN,92,Thu Jul 26 03:33:24 +0000 2018,0.0387,0.05,0.95,0.0,"Tweet 92: RT @CNNTonight: ""We want all the tapes released immediately, not just the tapes relating to Stormy Daniels. But the American people have th‚Ä¶"
@CNN,93,Thu Jul 26 03:31:04 +0000 2018,0.0,0.0,1.0,0.0,Tweet 93: Why India's picking up speed as the next big thing in surfing https://t.co/eIBrE2ZUFW via @CNNTravel https://t.co/sK1Hp15YJg
@CNN,94,Thu Jul 26 03:29:05 +0000 2018,0.0,0.0,1.0,0.0,Tweet 94: 3 reasons why Trump delaying his next Putin meeting is a big deal https://t.co/zRVAWCcgFx https://t.co/ZYq8Q3rMSp
@CNN,95,Thu Jul 26 03:24:02 +0000 2018,-0.2732,0.087,0.773,0.14,Tweet 95: Around 100 firefighters are tackling a blaze on the top floor of a block of flats in northwest London https://t.co/Z2NTyXelWz
@CNN,96,Thu Jul 26 03:21:05 +0000 2018,0.0,0.0,1.0,0.0,"Tweet 96: How the US economy is doing now, in four charts https://t.co/Yg87JaMKv9 https://t.co/TtVQEG6KIZ"
@CNN,97,Thu Jul 26 03:19:04 +0000 2018,0.2023,0.101,0.899,0.0,Tweet 97: New Jersey's top law enforcement official has instructed prosecutors statewide to hold off on pursuing convictions‚Ä¶ https://t.co/yUO0dShfd4
@CNN,98,Thu Jul 26 03:18:30 +0000 2018,0.7096,0.219,0.781,0.0,"Tweet 98: RT @CNNTonight: ""Putin clearly has the upper hand here and is, I think the alpha dog in this relationship. I just wonder whether the Russia‚Ä¶"
@CNN,99,Thu Jul 26 03:18:11 +0000 2018,0.0,0.0,1.0,0.0,Tweet 99: RT @CuomoPrimeTime: ‚ÄúUntrue and un-American‚Äù @ChrisCuomo reflects on the President calling journalists the ‚Äúenemy of the people‚Äù and tellin‚Ä¶
@CNN,100,Thu Jul 26 03:16:03 +0000 2018,0.0,0.0,1.0,0.0,Tweet 100: The military does not belong to Donald Trump | By Barbara Starr via @CNNOpinion https://t.co/5baUbANnV5 https://t.co/t0vU8Ob5kH
@FoxNews,1,Thu Jul 26 16:26:39 +0000 2018,0.0,0.0,1.0,0.0,"Tweet 1: .@Judgenap: ‚ÄúImpeachment is such a draconian measure, and it's not authorized here.‚Äù #Outnumbered‚Ä¶ https://t.co/tz6pNIHmqe"
@FoxNews,2,Thu Jul 26 16:23:00 +0000 2018,0.0,0.0,1.0,0.0,"Tweet 2: Florida man stole IDs of Backstreet Boys member, MLB stars and NBA coach, officials say https://t.co/IzSY1eckGp"
@FoxNews,3,Thu Jul 26 16:20:39 +0000 2018,-0.6486,0.0,0.654,0.346,Tweet 3: White House threatens to sanction Turkey over detained American pastor https://t.co/C8SKItU32a https://t.co/aELXpsUTBu
@FoxNews,4,Thu Jul 26 16:15:01 +0000 2018,0.0,0.0,1.0,0.0,Tweet 4: Rep. Jim Jordan announces run for House speaker https://t.co/g0O3JQ5o4M
@FoxNews,5,Thu Jul 26 16:13:00 +0000 2018,-0.4588,0.124,0.645,0.231,"Tweet 5: .@USNavy's first female admiral, retired Rear Adm. Alene B. Duerk, dead at 98 https://t.co/ylQ4iaHmpw"
@FoxNews,6,Thu Jul 26 16:10:34 +0000 2018,0.0,0.0,1.0,0.0,Tweet 6: BREAKING NEWS: Rep. @Jim_Jordan to seek Speakership in the new Congress. https://t.co/aOkgQiSSDV
@FoxNews,7,Thu Jul 26 16:06:10 +0000 2018,-0.5023,0.056,0.73,0.214,"Tweet 7: .@NancyPelosi: ""They would want to hurt Rosenstein so that they could hurt the Mueller investigation, but hopefully‚Ä¶ https://t.co/ywTzvZ3XMO"
@FoxNews,8,Thu Jul 26 16:02:07 +0000 2018,0.0,0.0,1.0,0.0,Tweet 8: .@POTUS in Iowa for tour of community college and workforce development roundtable #Outnumbered https://t.co/cmmNe8i2n5
@FoxNews,9,Thu Jul 26 15:52:00 +0000 2018,0.0,0.0,1.0,0.0,Tweet 9: .@AlanDersh: House GOP Making Case for @POTUS's Impeachment With 'Dumb' Move Against Rosenstein‚Ä¶ https://t.co/nqx5VYl2av
@FoxNews,10,Thu Jul 26 15:51:53 +0000 2018,0.0,0.0,1.0,0.0,Tweet 10: Happening Now: @POTUS arrives in Iowa for workforce roundtable. https://t.co/rbM9vGQBSN
@FoxNews,11,Thu Jul 26 15:50:21 +0000 2018,0.0258,0.055,0.945,0.0,"Tweet 11: .@RepSwalwell: ""What they're trying to do right now is to reach into an ongoing investigation and turn over evidenc‚Ä¶ https://t.co/4uGnWnE6LI"
@FoxNews,12,Thu Jul 26 15:46:52 +0000 2018,-0.4215,0.258,0.385,0.357,Tweet 12: Boy battling cancer granted wish to be firefighter for a day https://t.co/7WQRL5YcBR
@FoxNews,13,Thu Jul 26 15:44:37 +0000 2018,-0.0258,0.0,0.891,0.109,Tweet 13: Former Alaska Airlines pilot sentenced for flying while intoxicated https://t.co/Pdie4aMFzC
@FoxNews,14,Thu Jul 26 15:41:37 +0000 2018,0.1717,0.241,0.574,0.185,Tweet 14: NEWS ALERT: @SpeakerRyan does not support Rosenstein impeachment. https://t.co/pLAQI4hDBN
@FoxNews,15,Thu Jul 26 15:35:11 +0000 2018,0.0,0.0,1.0,0.0,Tweet 15: .@SpeakerRyan holds his weekly news conference. https://t.co/XrTBlDcPre
@FoxNews,16,Thu Jul 26 15:33:59 +0000 2018,0.186,0.223,0.609,0.168,Tweet 16: NEWS ALERT: No Rosenstein impeachment vote in House today. https://t.co/XlKITF0ZZO
@FoxNews,17,Thu Jul 26 15:29:28 +0000 2018,-0.3818,0.0,0.809,0.191,"Tweet 17: .@Judgenap: Move to Impeach Rosenstein Is 'Baseless, Embarrassing for Everyone Involved' https://t.co/YWTjESmsqc"
@FoxNews,18,Thu Jul 26 15:18:43 +0000 2018,0.4215,0.135,0.865,0.0,"Tweet 18: .@VP: ""President Erdogan and the Turkish government, I have a message on behalf of the President of the United Stat‚Ä¶ https://t.co/wjNVJJn34q"
@FoxNews,19,Thu Jul 26 15:17:52 +0000 2018,0.0,0.0,1.0,0.0,Tweet 19: RT @FoxBusiness: How an All-Star Dodgers pitcher went from baseball to business  https://t.co/Ug4ZJBPYQx
@FoxNews,20,Thu Jul 26 15:17:49 +0000 2018,0.0,0.0,1.0,0.0,"Tweet 20: RT @FoxBusiness: Facebook, other social networks seem to have peaked in US, Europe: @Varneyco  https://t.co/aqrLj1XQis"
@FoxNews,21,Thu Jul 26 15:17:45 +0000 2018,0.0,0.0,1.0,0.0,Tweet 21: RT @FoxBusiness: Walmart wants Babies R Us consumers following its demise  https://t.co/w4bg4iSqCV
@FoxNews,22,Thu Jul 26 15:17:43 +0000 2018,0.2732,0.259,0.595,0.146,"Tweet 22: RT @FoxBusiness: Facebook shares plunge nearly 20% as revenue, user growth disappoint  https://t.co/5jgeast6sR https://t.co/VmPeeSrLcr"
@FoxNews,23,Thu Jul 26 15:08:48 +0000 2018,0.0,0.0,1.0,0.0,Tweet 23: Conservative's satirical Ocasio-Cortez 'interview' triggers media uproar https://t.co/DupBOfMRfS
@FoxNews,24,Thu Jul 26 15:03:06 +0000 2018,0.5574,0.205,0.795,0.0,Tweet 24: On @foxandfriends. @KellyannePolls had positive words for the trajectory of the country under President‚Ä¶ https://t.co/EtLxSnepTl
@FoxNews,25,Thu Jul 26 15:02:49 +0000 2018,0.0,0.0,1.0,0.0,Tweet 25: Coca-Cola is raising soda prices; CEO says consumers likely to feel effect https://t.co/FS4nuqtZQA
@FoxNews,26,Thu Jul 26 15:00:48 +0000 2018,0.0,0.0,1.0,0.0,Tweet 26: SOON: Air Force One touches down in Iowa. https://t.co/ZT2qIOe6Ie
@FoxNews,27,Thu Jul 26 14:57:21 +0000 2018,0.0,0.0,1.0,0.0,Tweet 27: House Democratic Leader @NancyPelosi holds her weekly news conference.  https://t.co/nifXV80m6N
@FoxNews,28,Thu Jul 26 14:54:13 +0000 2018,0.0,0.0,1.0,0.0,"Tweet 28: Sgt. Curtis Whittington demonstrates how Han, a contraband-sniffing German Shepherd, looks for contraband at the Ok‚Ä¶ https://t.co/8S0bL16wAh"
@FoxNews,29,Thu Jul 26 14:44:17 +0000 2018,0.7346,0.279,0.721,0.0,"Tweet 29: Attorney General Jeff Sessions: ""My deputy, Rod Rosenstein, is highly capable. I have the highest confidence in him‚Ä¶ https://t.co/bogMUeIkwq"
@FoxNews,30,Thu Jul 26 14:40:30 +0000 2018,-0.9001,0.0,0.593,0.407,Tweet 30: Suspect in brutal murder of New York City nurse reportedly found in California hotel with woman tied up https://t.co/VgTuiqa9rG
@FoxNews,31,Thu Jul 26 14:37:04 +0000 2018,0.128,0.097,0.903,0.0,"Tweet 31: .@SenJohnKennedy: ""I said Gorsuch was and is a legal rock star, so is Judge Kavanaugh."" https://t.co/F0XgNi68BE"
@FoxNews,32,Thu Jul 26 14:33:59 +0000 2018,0.0,0.0,1.0,0.0,"Tweet 32: .@SteveScalise: ""We passed a resolution last week to stand up for our ICE agents. They're the people that are keepi‚Ä¶ https://t.co/JalLxqwEf0"
@FoxNews,33,Thu Jul 26 14:29:28 +0000 2018,-0.4019,0.0,0.863,0.137,Tweet 33: Boy with autism fights to keep service ducks after town orders family to get rid of them https://t.co/PJfEZlbZzG
@FoxNews,34,Thu Jul 26 14:23:59 +0000 2018,-0.7105,0.0,0.753,0.247,"Tweet 34: .@AlanDersh: ""If you don't like the way Rod Rosenstein is responding to your subpoena, charge him with contempt of‚Ä¶ https://t.co/WwfY3dqzQV"
@FoxNews,35,Thu Jul 26 14:16:20 +0000 2018,-0.34,0.0,0.833,0.167,Tweet 35: Demi Lovato exhibited warning signs in days leading up to apparent overdose https://t.co/7qSHr4dsrV
@FoxNews,36,Thu Jul 26 14:11:30 +0000 2018,0.6369,0.244,0.756,0.0,Tweet 36: .@VP Mike Pence and @SecPompeo deliver remarks at Ministerial to Advance Religious Freedom. https://t.co/wjmtqIelfw
@FoxNews,37,Thu Jul 26 14:03:49 +0000 2018,0.4019,0.27,0.629,0.101,"Tweet 37: Cities grappling with safety, legal concerns as electric scooter-sharing craze sweeps country https://t.co/eaJGXtwKaE"
@FoxNews,38,Thu Jul 26 14:01:05 +0000 2018,0.765,0.292,0.708,0.0,Tweet 38: .@judgenap: Farewell to someone I loved with all my heart ‚Äì who gave me his values and much more https://t.co/Gn3uNki1w3
@FoxNews,39,Thu Jul 26 13:46:00 +0000 2018,-0.2924,0.0,0.892,0.108,"Tweet 39: .@SenJohnBarrasso: ""@POTUS isn't getting the credit he deserves and has earned from the actions that he's been taki‚Ä¶ https://t.co/G4HDrRkyeF"
@FoxNews,40,Thu Jul 26 13:43:43 +0000 2018,-0.7105,0.0,0.753,0.247,"Tweet 40: .@AlanDersh: ""If you don't like the way Rod Rosenstein is responding to your subpoena, charge him with contempt of‚Ä¶ https://t.co/BYFG7PTPX4"
@FoxNews,41,Thu Jul 26 13:42:53 +0000 2018,-0.128,0.194,0.581,0.226,Tweet 41: 'Mercury in retrograde': Should we expect 3 weeks of bad luck? https://t.co/RR9Gj3AhGs
@FoxNews,42,Thu Jul 26 13:37:00 +0000 2018,0.2732,0.11,0.89,0.0,"Tweet 42: .@kayleighmcenany: ""In a half a century you have not had a president with a willingness to take on remedying this t‚Ä¶ https://t.co/P3z4cl8ZaN"
@FoxNews,43,Thu Jul 26 13:35:47 +0000 2018,-0.5267,0.0,0.833,0.167,"Tweet 43: .@AlanDersh: ""It is the most shortsighted - and I have to say stupid - thing I've heard in a long time.""‚Ä¶ https://t.co/O5fFHCJnDk"
@FoxNews,44,Thu Jul 26 13:30:00 +0000 2018,-0.0258,0.115,0.765,0.12,Tweet 44: .@RepMaxineWaters Suggests in Church Sermon That She Was Sent by God to Stop President @realDonaldTrump‚Ä¶ https://t.co/y7z9lreuwE
@FoxNews,45,Thu Jul 26 13:19:00 +0000 2018,0.0,0.0,1.0,0.0,Tweet 45: GOP lawmakers move to impeach Rosenstein; @pdoocy reports. https://t.co/7kAKpOnyAU https://t.co/WOvGCCljbx
@FoxNews,46,Thu Jul 26 13:13:08 +0000 2018,0.4728,0.204,0.796,0.0,"Tweet 46: .@kayleighmcenany: ""There's more economic opportunity today than there was two years ago."" https://t.co/1z5raTSlGd"
@FoxNews,47,Thu Jul 26 13:11:32 +0000 2018,0.0,0.0,1.0,0.0,"Tweet 47: .@kayleighmcenany: ""There are a lot of so-called 'hidden Trump voters.' They don't talk to pollsters. They don't sa‚Ä¶ https://t.co/ElnIUKc1ko"
@FoxNews,48,Thu Jul 26 13:10:27 +0000 2018,0.4767,0.341,0.659,0.0,Tweet 48: Poll: @POTUS approval dips in Midwest. https://t.co/SfvjU4SDGb
@FoxNews,49,Thu Jul 26 13:09:56 +0000 2018,-0.5994,0.0,0.804,0.196,Tweet 49: U.S. expecting North Korea to return remains of 55 American soldiers from Korean war; @GregPalkot reports. https://t.co/J0OS11MRq1
@FoxNews,50,Thu Jul 26 13:09:19 +0000 2018,0.2732,0.11,0.89,0.0,"Tweet 50: .@kayleighmcenany: ""In a half a century you have not had a president with a willingness to take on remedying this t‚Ä¶ https://t.co/UTXXlLoXOV"
@FoxNews,51,Thu Jul 26 13:07:10 +0000 2018,0.0,0.0,1.0,0.0,Tweet 51: Former McCaskill campaign spokesman is now spokesman for husband's investment company https://t.co/qfRMu1YnE1
@FoxNews,52,Thu Jul 26 13:05:37 +0000 2018,-0.0688,0.208,0.566,0.226,Tweet 52: NEWS ALERT: Bomb explodes outside U.S. embassy in Beijing. https://t.co/BrKzUsXqJ6
@FoxNews,53,Thu Jul 26 12:59:00 +0000 2018,0.0,0.0,1.0,0.0,"Tweet 53: .@DLoesch: ""We have the right to defend ourselves, not just at home but also when we're out and about."" https://t.co/voQO2EmCEu"
@FoxNews,54,Thu Jul 26 12:54:06 +0000 2018,0.0,0.0,1.0,0.0,Tweet 54: April the Giraffe is pregnant with her fifth calf https://t.co/BuyWvRNs87 https://t.co/QjQ0f1FU38
@FoxNews,55,Thu Jul 26 12:45:00 +0000 2018,-0.7845,0.0,0.566,0.434,Tweet 55: Arizona trooper shot and killed with officer's gun; @ANITAROMANFOX10 reports. https://t.co/9DpxXBNUFh
@FoxNews,56,Thu Jul 26 12:42:20 +0000 2018,0.0,0.0,1.0,0.0,Tweet 56: The sun sets over the Pyrenees mountains near Lac de Payolle after the seventeenth stage of the Tour de France cycl‚Ä¶ https://t.co/kYQdRQLrTy
@FoxNews,57,Thu Jul 26 12:38:00 +0000 2018,0.4019,0.162,0.838,0.0,"Tweet 57: .@WilsonWPA: ""[@POTUS] could help Republicans pick up seats in West Virginia, Wisconsin, multiple others."" https://t.co/RjLggx0VlK"
@FoxNews,58,Thu Jul 26 12:30:00 +0000 2018,0.0,0.0,1.0,0.0,"Tweet 58: .@KellyannePolls: ""I don't understand why [@TheDemocrats]... talk more about abolishing ICE than abolishing ISIS."" https://t.co/fGQ2NjJD7Z"
@FoxNews,59,Thu Jul 26 12:29:47 +0000 2018,-0.5574,0.0,0.753,0.247,"Tweet 59: Trump blasts Twitter's Republican 'shadow banning,' vows to probe 'illegal practice' https://t.co/mLr37r47YG"
@FoxNews,60,Thu Jul 26 12:28:36 +0000 2018,0.0,0.0,1.0,0.0,"Tweet 60: .@DLoesch: ""We have the right to defend ourselves, not just at home but also when we're out and about."" https://t.co/kfCM6hp5EY"
@FoxNews,61,Thu Jul 26 12:18:12 +0000 2018,-0.7579,0.0,0.667,0.333,Tweet 61: .@HeyTammyBruce: America avoided a disaster -- Look at the Clintons and their pal Harvey Weinstein https://t.co/1UwENiimsd
@FoxNews,62,Thu Jul 26 12:14:42 +0000 2018,0.6705,0.355,0.645,0.0,Tweet 62: OPINION: Dear Demi Lovato ‚Äì A letter of hope from a fellow recovering addict https://t.co/sKBDYOCVnv
@FoxNews,63,Thu Jul 26 11:59:01 +0000 2018,-0.4717,0.0,0.854,0.146,"Tweet 63: .@Varneyco: ""I'm a refugee from Socialism. I just can't see a win for @TheDemocrats if they keep on going left left‚Ä¶ https://t.co/tkCYe2K8mb"
@FoxNews,64,Thu Jul 26 11:58:20 +0000 2018,-0.5994,0.0,0.769,0.231,Tweet 64: Marine convicted of involuntary manslaughter in stabbing death of private at Camp Pendleton https://t.co/sUa4Yi32y7
@FoxNews,65,Thu Jul 26 11:49:32 +0000 2018,0.6705,0.297,0.703,0.0,"Tweet 65: On @foxandfriends, @Varneyco praised President @realDonaldTrump's securing of major trade concessions from the EU.‚Ä¶ https://t.co/wAQ6DNtZnZ"
@FoxNews,66,Thu Jul 26 11:43:23 +0000 2018,-0.25,0.062,0.825,0.113,"Tweet 66: .@KellyannePolls: ""Under this president's global leadership, America is back. We're no longer on an apology tour. W‚Ä¶ https://t.co/dhfktZevJ9"
@FoxNews,67,Thu Jul 26 11:42:28 +0000 2018,0.0,0.0,1.0,0.0,"Tweet 67: Michael Cohen secretly recorded conversation with CNN's Cuomo, telling him he paid Stormy 'on my own': report https://t.co/1ufjxQpkiA"
@FoxNews,68,Thu Jul 26 11:41:37 +0000 2018,0.0,0.0,1.0,0.0,"Tweet 68: .@KellyannePolls: ""I don't understand why [@TheDemocrats]... talk more about abolishing ICE than abolishing ISIS."" https://t.co/znpM7ZQhLS"
@FoxNews,69,Thu Jul 26 11:36:59 +0000 2018,0.3919,0.161,0.839,0.0,"Tweet 69: .@KellyannePolls: ""I don't know what the GDP number will be tomorrow, but I guarantee it won't be the anemic 2% or‚Ä¶ https://t.co/Kq8P0D1PeQ"
@FoxNews,70,Thu Jul 26 11:35:50 +0000 2018,-0.296,0.0,0.891,0.109,"Tweet 70: .@KellyannePolls: ""Every time this president is told by the critics and the naysayers and the know-nothings, 'You c‚Ä¶ https://t.co/VghoIXahUl"
@FoxNews,71,Thu Jul 26 11:31:46 +0000 2018,0.4215,0.237,0.763,0.0,"Tweet 71: .@corygardner: ""The administration is making progress on trade agreements."" https://t.co/rnfjo30BZy"
@FoxNews,72,Thu Jul 26 11:24:25 +0000 2018,0.0,0.0,1.0,0.0,"Tweet 72: .@RepLizCheney: ""@BarackObama paid $1.5 billion - U.S. taxpayer money - paid the Iranians to get them to enter into‚Ä¶ https://t.co/isHOyiwTEu"
@FoxNews,73,Thu Jul 26 11:17:00 +0000 2018,0.5719,0.27,0.73,0.0,"Tweet 73: .@Varneyco: ""The Europeans blinked. Mr. Trump, hard-line Trump, won big."" https://t.co/Ux9AWMPtK6"
@FoxNews,74,Thu Jul 26 11:08:20 +0000 2018,0.5574,0.204,0.796,0.0,"Tweet 74: .@Varneyco: ""The Europeans are going to take our energy. They're going to take our liquefied natural gas. Take that‚Ä¶ https://t.co/xLodAn73PP"
@FoxNews,75,Thu Jul 26 11:02:52 +0000 2018,-0.4767,0.0,0.86,0.14,"Tweet 75: ""All it really was is just me expressing my political beliefs.""

Student suspended for Trump border wall Shirt wins‚Ä¶ https://t.co/UYSHm44ycZ"
@FoxNews,76,Thu Jul 26 11:02:46 +0000 2018,0.0,0.0,1.0,0.0,"Tweet 76: Addison Barnes: ""I thought to myself, 'You know, this isn't right. I have the First Amendment. I should be able to‚Ä¶ https://t.co/k2IDUJxHp3"
@FoxNews,77,Thu Jul 26 10:53:43 +0000 2018,0.2732,0.123,0.877,0.0,"Tweet 77: .@Judgenap: ""The DOJ has a legitimate, lawful basis for keeping certain documents secret in a pending investigation‚Ä¶ https://t.co/Pk8NWU6zKc"
@FoxNews,78,Thu Jul 26 10:45:31 +0000 2018,0.0,0.0,1.0,0.0,Tweet 78: .@dallascowboys required to stand for the National Anthem https://t.co/UyIk7GPiIq
@FoxNews,79,Thu Jul 26 10:42:01 +0000 2018,0.0772,0.061,0.939,0.0,"Tweet 79: ""I want a president who's going to rule with an iron fist‚Äî finally. Someboy who's going to stand up for America.""‚Ä¶ https://t.co/9tx1YDemVu"
@FoxNews,80,Thu Jul 26 10:29:33 +0000 2018,0.8122,0.331,0.669,0.0,"Tweet 80: .@RepLizCheney on Iran nuclear deal: ""It was an agreement that was really giving people false comfort while it prov‚Ä¶ https://t.co/RMeZmdSeZ2"
@FoxNews,81,Thu Jul 26 10:25:52 +0000 2018,0.0,0.0,1.0,0.0,Tweet 81: Oregon woman finds mountain lion napping in her home: 'This is wild' https://t.co/iXOWteekGm
@FoxNews,82,Thu Jul 26 10:18:17 +0000 2018,-0.1531,0.0,0.909,0.091,Tweet 82: FOX NEWS FIRST: Republicans move to impeach Rosenstein; Deadline to reunite migrant kids with families looms https://t.co/Cq23jag1rv
@FoxNews,83,Thu Jul 26 10:11:07 +0000 2018,0.0,0.0,1.0,0.0,Tweet 83: .@CarleyShimkus is live with the ‚ÄòFox News Update‚Äô on Facebook Watch: https://t.co/hNrB8xzepH https://t.co/vPFa9Erl9W
@FoxNews,84,Thu Jul 26 10:09:30 +0000 2018,-0.5574,0.0,0.769,0.231,Tweet 84: Ex-California congressman submits proposal to ban noncitizens from voting in state elections https://t.co/zRIGB4dKHb
@FoxNews,85,Thu Jul 26 10:07:07 +0000 2018,0.4019,0.184,0.816,0.0,Tweet 85: Dozens heard Amelia Earhart radio for help after crashing into Pacific: report https://t.co/rVRBQzJ2Ms
@FoxNews,86,Thu Jul 26 10:01:11 +0000 2018,0.0,0.0,1.0,0.0,Tweet 86: Marine Corps ring found on Florida beach reunited with owner https://t.co/0sNDVbfqzX https://t.co/KDkJtrMjjb
@FoxNews,87,Thu Jul 26 09:55:47 +0000 2018,-0.4404,0.0,0.805,0.195,"Tweet 87: Lots of parked cars damaged in separate incidents in New Jersey, Nevada https://t.co/Dk4iAVBSmo"
@FoxNews,88,Thu Jul 26 09:46:36 +0000 2018,-0.4215,0.056,0.812,0.132,"Tweet 88: Brandon Judd: ""Why would we want to put ourselves in a situation where our children could be harmed, where their ch‚Ä¶ https://t.co/G1PNTuPM3r"
@FoxNews,89,Thu Jul 26 09:39:53 +0000 2018,0.7115,0.372,0.628,0.0,"Tweet 89: Ex-Stanford swimmer performed 'sexual outercourse,' not rape, lawyer argues in appeal https://t.co/rYHkkh0bMA"
@FoxNews,90,Thu Jul 26 09:37:30 +0000 2018,0.5994,0.224,0.776,0.0,"Tweet 90: National Security Analyst Rebecca Grant: ""Trump deserves the right to have these private meetings and it's his busi‚Ä¶ https://t.co/yUFvd9GW27"
@FoxNews,91,Thu Jul 26 09:33:05 +0000 2018,-0.4019,0.0,0.876,0.124,"Tweet 91: Bassima Alghussein: ""The biggest problem the Democrats are concerned about is not that the @POTUS is meeting with M‚Ä¶ https://t.co/Db2k59C6w5"
@FoxNews,92,Thu Jul 26 09:24:03 +0000 2018,-0.3182,0.0,0.813,0.187,"Tweet 92: .@BoydMatheson: ""These private conversations are a critical part of diplomacy."" @FoxFriendsFirst https://t.co/CdsuvUUC3f"
@FoxNews,93,Thu Jul 26 09:18:41 +0000 2018,-0.25,0.177,0.565,0.258,Tweet 93: .@SecPompeo admits North Korea still making bomb fuel https://t.co/9KXGdnlxGk
@FoxNews,94,Thu Jul 26 09:13:48 +0000 2018,0.34,0.255,0.745,0.0,Tweet 94: Homeland Security bill heading to House floor https://t.co/yFqbG9x5DL
@FoxNews,95,Thu Jul 26 09:10:46 +0000 2018,0.3182,0.173,0.827,0.0,Tweet 95: DHS optimistic ahead of today's court-ordered deadline to reunite separated families https://t.co/LWLt38248Y
@FoxNews,96,Thu Jul 26 08:57:44 +0000 2018,0.4019,0.184,0.816,0.0,"Tweet 96: Portland, Oregon, to clean up 'disgusting' Occupy ICE camp, calling it biohazard https://t.co/TQjN1SyEF6"
@FoxNews,97,Thu Jul 26 08:55:07 +0000 2018,0.0,0.0,1.0,0.0,Tweet 97: Stocks surge after Trump announces European Union trade concessions https://t.co/aVu4Ctjv4m https://t.co/2dpbysSO56
@FoxNews,98,Thu Jul 26 08:49:25 +0000 2018,0.7845,0.33,0.67,0.0,Tweet 98: Ivanka Trump congratulates Karlie Kloss on Josh Kushner engagement: 'Blessed to have you as a sister' https://t.co/okRNpHZBgH
@FoxNews,99,Thu Jul 26 08:45:58 +0000 2018,-0.3818,0.0,0.776,0.224,Tweet 99: Serena Williams complains of 'discrimination' over frequent drug tests https://t.co/pz7Um9ddMi
@FoxNews,100,Thu Jul 26 08:42:59 +0000 2018,0.0,0.0,1.0,0.0,"Tweet 100: Dr. Darrin Porcher on ICE: ""These are American patriots, and we need to stand side by side with them because they p‚Ä¶ https://t.co/9k8Bw3eFAy"
@nytimes,1,Thu Jul 26 16:15:10 +0000 2018,-0.8054,0.0,0.645,0.355,"Tweet 1: Larry Nassar wants his prison term to be reconsidered, arguing that the judge wasn't fair or impartial https://t.co/ZUkLVYCirg"
@nytimes,2,Thu Jul 26 16:02:19 +0000 2018,0.5106,0.155,0.845,0.0,"Tweet 2: RT @tmagazine: For the latest #TellTAJoke, @OITNB actress Natasha Lyonne (@nlyonne) pokes fun at the @NYTimesWordplay's puzzle editor Will‚Ä¶"
@nytimes,3,Thu Jul 26 15:53:35 +0000 2018,0.1027,0.203,0.625,0.172,Tweet 3: Worried about getting scammed? Here's how to protect yourself. https://t.co/X4p0VRoPqR
@nytimes,4,Thu Jul 26 15:38:19 +0000 2018,-0.8658,0.0,0.64,0.36,"Tweet 4: RT @NYTMetro: ""If you have a dirt bike, or an ATV, they associate you with being a bad person."" Dirt bikers say they're misunderstood. One‚Ä¶"
@nytimes,5,Thu Jul 26 15:25:06 +0000 2018,0.0,0.0,1.0,0.0,Tweet 5: We sat down with a few conservative teens who attended this week's Turning Point USA conference to hear what it‚Äôs l‚Ä¶ https://t.co/0otNYw4qRl
@nytimes,6,Thu Jul 26 15:14:06 +0000 2018,0.3818,0.151,0.755,0.094,Tweet 6: RT @bydanielvictor: One of the best things NYT has ever done is this photo gallery of parents applying sunscreen to visibly annoyed childre‚Ä¶
@nytimes,7,Thu Jul 26 15:04:05 +0000 2018,-0.4895,0.0,0.742,0.258,Tweet 7: Paleontologists once thought these dinosaurs did not reach East Asia. They were wrong. https://t.co/e1scIfA4Ex
@nytimes,8,Thu Jul 26 14:54:06 +0000 2018,-0.4404,0.0,0.896,0.104,"Tweet 8: RT @carolynryan: Caution: highly addictive. You can look up the town you grew up in, the block you live on now, every place you ever visite‚Ä¶"
@nytimes,9,Thu Jul 26 14:44:05 +0000 2018,0.7506,0.368,0.521,0.111,"Tweet 9: She first heard what sounded like a bomb going off a few miles away. Then came a curious noise, like a strong wind.‚Ä¶ https://t.co/IGAhfzC62K"
@nytimes,10,Thu Jul 26 14:29:07 +0000 2018,0.0,0.0,1.0,0.0,"Tweet 10: In newly disclosed emails, Michigan Republicans boast of concentrating ""Dem garbage"" into four of the five southeas‚Ä¶ https://t.co/TFH6tWKO9G"
@nytimes,11,Thu Jul 26 14:15:05 +0000 2018,-0.128,0.0,0.927,0.073,"Tweet 11: Even in counties that voted overwhelmingly for Donald Trump or Hillary Clinton, there are small pockets that went t‚Ä¶ https://t.co/3FOUu7GWP5"
@nytimes,12,Thu Jul 26 14:05:08 +0000 2018,0.296,0.104,0.896,0.0,"Tweet 12: Breaking News: Facebook shares plunged more than 18 percent in early trading, erasing over $110 billion from the so‚Ä¶ https://t.co/4nosck9u4m"
@nytimes,13,Thu Jul 26 14:03:00 +0000 2018,-0.8658,0.0,0.607,0.393,Tweet 13: A third suspect in the killing of the 20-year-old Florida rapper XXXTentacion was arrested on Wednesday morning in‚Ä¶ https://t.co/RXlfbIFPuf
@nytimes,14,Thu Jul 26 14:01:48 +0000 2018,0.0,0.0,1.0,0.0,Tweet 14: Breaking News: The charismatic cricketer Imran Khan appears close to becoming Pakistan's next prime minister. He's‚Ä¶ https://t.co/QVUBmujOdy
@nytimes,15,Thu Jul 26 14:00:11 +0000 2018,0.25,0.091,0.909,0.0,"Tweet 15: Ken Kurson, a Kushner ally, was poised to get a seat on the board of the National Endowment for the Humanities. The‚Ä¶ https://t.co/2nRkbm8Gwy"
@nytimes,16,Thu Jul 26 13:45:04 +0000 2018,-0.5574,0.0,0.865,0.135,"Tweet 16: RT @mattfleg: Lanny Davis on the Cohen tape: Trump and Rudy ""walked into the trap."" Rudy on Lanny: ""He‚Äôs basically destroying his client as‚Ä¶"
@nytimes,17,Thu Jul 26 13:29:03 +0000 2018,-0.0258,0.094,0.807,0.099,"Tweet 17: Mike Pompeo refused to discuss the meeting between Trump and Putin in Finland last week. ""Presidents are entitled t‚Ä¶ https://t.co/6ob4K4G943"
@nytimes,18,Thu Jul 26 13:15:09 +0000 2018,-0.2732,0.0,0.9,0.1,"Tweet 18: In a series of scenes, Sacha Baron Cohen got Republican lawmaker Jason Spencer to yell a racial epithet and drop hi‚Ä¶ https://t.co/UznkjWqUnl"
@nytimes,19,Thu Jul 26 13:00:18 +0000 2018,0.0,0.0,1.0,0.0,Tweet 19: Morning¬†Briefing: Here's what you need to know to start your day https://t.co/BIKG74uRrt https://t.co/Giso0AYl2Q
@nytimes,20,Thu Jul 26 12:44:03 +0000 2018,0.0,0.0,1.0,0.0,"Tweet 20: ""We all make mistakes,"" Sean Spicer said as a BBC anchor grilled him on his infamous first briefing, in which he ma‚Ä¶ https://t.co/C0FrBMSOqt"
@nytimes,21,Thu Jul 26 12:31:05 +0000 2018,-0.25,0.079,0.794,0.126,Tweet 21: The federal budget deficit is growing much faster than economists had predicted. The reason is President Trump's ta‚Ä¶ https://t.co/3ZSbhckqHn
@nytimes,22,Thu Jul 26 12:16:01 +0000 2018,0.0,0.0,1.0,0.0,Tweet 22: Do you live in a political bubble? Explore this detailed map of the 2016 presidential election. https://t.co/2uUIohih1j
@nytimes,23,Thu Jul 26 12:00:16 +0000 2018,0.5859,0.231,0.769,0.0,"Tweet 23: Your daily @DealBook Briefing:

‚Ä¢ Facebook isn't bulletproof after all.

‚Ä¢ The U.S. and Europe want trade peace. Fo‚Ä¶ https://t.co/xY2RUdNJ94"
@nytimes,24,Thu Jul 26 11:45:08 +0000 2018,0.4215,0.149,0.851,0.0,"Tweet 24: An explosion rocked the street outside the United States Embassy in Beijing on Thursday, rattling a diplomatically‚Ä¶ https://t.co/9D561t5KFS"
@nytimes,25,Thu Jul 26 11:30:04 +0000 2018,0.5106,0.158,0.842,0.0,"Tweet 25: For the past few weeks, Mars has been growing brighter in the night sky. Here's how to see  the red planet at its c‚Ä¶ https://t.co/gYx7fedLoY"
@nytimes,26,Thu Jul 26 11:15:04 +0000 2018,0.4215,0.149,0.851,0.0,"Tweet 26: Is the United States' policy toward Russia what the president says, or what the government does? https://t.co/TWwTfbhE0b"
@nytimes,27,Thu Jul 26 11:00:06 +0000 2018,0.4019,0.13,0.87,0.0,"Tweet 27: The party of Imran Khan, a former Pakistani cricket star, pulled firmly ahead in the early count after Wednesday‚Äôs‚Ä¶ https://t.co/BVfllwkyh2"
@nytimes,28,Thu Jul 26 10:45:06 +0000 2018,0.0,0.0,1.0,0.0,"Tweet 28: For the first time, scientists have found a large, watery lake beneath an ice cap on Mars https://t.co/3J42NBoLpx"
@nytimes,29,Thu Jul 26 10:14:02 +0000 2018,0.0,0.0,1.0,0.0,Tweet 29: Workers may finally be getting a bigger piece of the economic pie ‚Äî at least in Europe. Just don‚Äôt ask why. https://t.co/l7k05VVsp3
@nytimes,30,Thu Jul 26 10:06:03 +0000 2018,0.0,0.0,1.0,0.0,Tweet 30: Morning¬†Briefing: Here's what you need to know to start your day https://t.co/xWbCPBUYRr https://t.co/4n57r9RtMP
@nytimes,31,Thu Jul 26 09:45:02 +0000 2018,0.0,0.0,1.0,0.0,"Tweet 31: Oksana Shachko was a founder of Femen, a women‚Äôs rights group that, together with PussyRiot, became part of a post-‚Ä¶ https://t.co/9caH2jfIjA"
@nytimes,32,Thu Jul 26 09:31:03 +0000 2018,-0.0772,0.151,0.683,0.166,"Tweet 32: RT @nytimesbooks: 3 books on Putin, Russian intelligence and why American agencies may be under threat https://t.co/rwi0tNbJZ6"
@nytimes,33,Thu Jul 26 09:14:04 +0000 2018,0.2755,0.161,0.839,0.0,"Tweet 33: They didn't have children and, most said, they don't have regrets  https://t.co/u4SzobiXXT"
@nytimes,34,Thu Jul 26 09:00:12 +0000 2018,0.0,0.0,1.0,0.0,"Tweet 34: ""I'm expected to function as if I've been here for years,"" said a refugee from Manus Island who resettled in the Un‚Ä¶ https://t.co/MTpKwnRbrd"
@nytimes,35,Thu Jul 26 08:46:04 +0000 2018,0.2732,0.123,0.877,0.0,"Tweet 35: A surprise announcement made by President Trump and the president of the European Commission, Jean-Claude Juncker,‚Ä¶ https://t.co/boyyclsWGJ"
@nytimes,36,Thu Jul 26 08:32:05 +0000 2018,0.4215,0.149,0.851,0.0,"Tweet 36: An explosion rocked the street outside the United States Embassy in Beijing on Thursday, rattling a diplomatically‚Ä¶ https://t.co/qOhPpq4wcF"
@nytimes,37,Thu Jul 26 08:16:04 +0000 2018,-0.4767,0.0,0.881,0.119,Tweet 37: RT @nytimesworld: The six people executed were former members of the cult that carried out a sarin gas attack on the Tokyo subway that kill‚Ä¶
@nytimes,38,Thu Jul 26 08:02:04 +0000 2018,0.0,0.0,1.0,0.0,"Tweet 38: Gimme a break 
Gimme a break
Break me off a piece of that trademark law
https://t.co/NkjcOO25fu"
@nytimes,39,Thu Jul 26 07:47:05 +0000 2018,-0.3612,0.0,0.844,0.156,"Tweet 39: Ryanair cabin crew in Belgium, Italy, Portugal and Spain are on strike, forcing the carrier to cancel hundreds of f‚Ä¶ https://t.co/HPKy6GilXC"
@nytimes,40,Thu Jul 26 07:32:04 +0000 2018,-0.9217,0.0,0.609,0.391,Tweet 40: RT @nytimesworld: Greeks were still piecing together one of the nation‚Äôs worst disasters in recent memory after wildfires killed at least 8‚Ä¶
@nytimes,41,Thu Jul 26 07:17:05 +0000 2018,0.0772,0.064,0.936,0.0,"Tweet 41: If you want a divorce, you can get a divorce, right? In Britain, it turns out, the answer is ‚Äúnot necessarily.‚Äù https://t.co/bdN2HduNmk"
@nytimes,42,Thu Jul 26 07:02:04 +0000 2018,0.4939,0.151,0.849,0.0,"Tweet 42: This year‚Äôs Venice Film Festival will include new movies by Paul Greengrass, Alfonso Cuar√≥n and the Coen Brothers https://t.co/dKJKZZT8aA"
@nytimes,43,Thu Jul 26 06:32:05 +0000 2018,0.128,0.134,0.782,0.083,Tweet 43: RT @nytimesbooks: The genocide of World War II has come to act like a screen across the middle of the 20th century. But it is important to‚Ä¶
@nytimes,44,Thu Jul 26 06:18:00 +0000 2018,0.4215,0.259,0.741,0.0,Tweet 44: Blast Heard Near United States Embassy in Beijing https://t.co/1bTlOZCFmD
@nytimes,45,Thu Jul 26 06:06:48 +0000 2018,-0.2023,0.0,0.913,0.087,"Tweet 45: If scientists understand why tick bites are suddenly causing a strange reaction in some people who eat meat, that c‚Ä¶ https://t.co/OX703sXkyE"
@nytimes,46,Thu Jul 26 05:49:39 +0000 2018,0.0,0.0,1.0,0.0,Tweet 46: Here's a dinner idea: Chicken braised in balsamic and red wine vinegars over creamy polenta https://t.co/a3geREMGiK
@nytimes,47,Thu Jul 26 05:32:03 +0000 2018,-0.5413,0.0,0.824,0.176,"Tweet 47: RT @nytopinion: What Big Oil really fears, much more than a modest tax on carbon, is having to pay for its own actions https://t.co/jJC7zNl‚Ä¶"
@nytimes,48,Thu Jul 26 05:10:05 +0000 2018,0.0,0.0,1.0,0.0,Tweet 48: Plant more trees. Rethink pavement. Unblock the breeze. How cities are trying to cope with rising heat. https://t.co/MXqUyG6Nyj
@nytimes,49,Thu Jul 26 04:54:17 +0000 2018,0.0,0.0,1.0,0.0,"Tweet 49: Is it possible to be sexual, but to not be seen as an object? In her video ‚ÄúGirlfriend,‚Äù H√©lo√Øse Letissier ‚Äî her bo‚Ä¶ https://t.co/f4xRGPVvFT"
@nytimes,50,Thu Jul 26 04:38:59 +0000 2018,0.0,0.0,1.0,0.0,"Tweet 50: Scientists found evidence of a large underground pool of water on Mars, raising the possibility that life could exi‚Ä¶ https://t.co/EOFsQEXcAc"
@nytimes,51,Thu Jul 26 04:22:02 +0000 2018,-0.6369,0.0,0.833,0.167,"Tweet 51: RT @NYTNational: After her son was fatally shot, Lucy McBath ended her career as a flight attendant and became a national spokeswoman for g‚Ä¶"
@nytimes,52,Thu Jul 26 04:02:03 +0000 2018,-0.4588,0.0,0.857,0.143,Tweet 52: Yosemite National Park is ghostly quiet after a nearby wildfire forced thousands to evacuate. It‚Äôs one of 75 large‚Ä¶ https://t.co/BzPx5vPjcx
@nytimes,53,Thu Jul 26 03:53:01 +0000 2018,-0.2617,0.0,0.814,0.186,Tweet 53: Wages Are Rising in Europe. But Economists Are Puzzled. https://t.co/Ij9eM4vnmH
@nytimes,54,Thu Jul 26 03:47:04 +0000 2018,0.0,0.0,1.0,0.0,"Tweet 54: A BBC interviewer told Sean Spicer he had ""corrupted discourse for the entire world."" Fox News asked his mother wha‚Ä¶ https://t.co/H6VpjB3gXB"
@nytimes,55,Thu Jul 26 03:41:06 +0000 2018,0.0,0.0,1.0,0.0,"Tweet 55: RT @Nate_Cohn: The 2016 presidential election, as you've never seen it before  https://t.co/IW9jcvzAko https://t.co/KJSsPBdiIb"
@nytimes,56,Thu Jul 26 03:40:08 +0000 2018,-0.4215,0.0,0.823,0.177,Tweet 56: When ISIS‚Äô Call to Arms Falls on the Ears of the Mentally Ill https://t.co/k0j3xKlRL7
@nytimes,57,Thu Jul 26 03:32:06 +0000 2018,-0.0772,0.144,0.697,0.159,"Tweet 57: Wielding a pickax, a vandal destroyed President Trump‚Äôs star on the Hollywood Walk of Fame Wednesday morning‚Ä¶ https://t.co/CIdsmR6fxv"
@nytimes,58,Thu Jul 26 03:17:03 +0000 2018,0.0,0.0,1.0,0.0,Tweet 58: RT @S_Evangelina: You don't know what Fortnite is? I got you. https://t.co/YutNdy5TnX
@nytimes,59,Thu Jul 26 03:02:07 +0000 2018,0.0,0.0,1.0,0.0,Tweet 59: A group of House Republicans introduced articles of impeachment in a long-shot bid to oust deputy attorney general‚Ä¶ https://t.co/4kgvusJ0oA
@nytimes,60,Thu Jul 26 02:47:02 +0000 2018,-0.296,0.0,0.905,0.095,Tweet 60: New Zealand accused Australia this week of copying its national flag. Take the quiz and see if you can identify the‚Ä¶ https://t.co/5pb0eai35o
@nytimes,61,Thu Jul 26 02:32:07 +0000 2018,0.0,0.0,1.0,0.0,"Tweet 61: The White House barred a CNN journalist from attending a public appearance by President Trump in the Rose Garden, a‚Ä¶ https://t.co/TlqhSKHj0f"
@nytimes,62,Thu Jul 26 02:17:06 +0000 2018,0.0,0.0,1.0,0.0,Tweet 62: RT @dionnesearcey: The video from #Cameroon captures uniformed men shooting a woman with a little girl and a woman with a baby strapped to‚Ä¶
@nytimes,63,Thu Jul 26 02:02:06 +0000 2018,0.4019,0.153,0.847,0.0,Tweet 63: Newly disclosed emails show Michigan Republicans angling to give their party a dominant position through gerrymande‚Ä¶ https://t.co/vVoX8MVdH9
@nytimes,64,Thu Jul 26 01:47:03 +0000 2018,-0.1779,0.123,0.728,0.149,Tweet 64: Orson Welles's last film will have its debut at the Venice Film Festival ‚Äì over 30 years after the director's death https://t.co/gGGgJEUKO9
@nytimes,65,Thu Jul 26 01:32:07 +0000 2018,0.0,0.0,1.0,0.0,"Tweet 65: With Goop, Gwyneth Paltrow just wanted you to have what she had: the $795 G. Label trench coat and the $1,505 Beton‚Ä¶ https://t.co/wY4sZnTEIL"
@nytimes,66,Thu Jul 26 01:17:05 +0000 2018,-0.3935,0.0,0.857,0.143,"Tweet 66: RT @maggieNYT: Repeated screenings of the tape do not clearly reveal Mr. Trump saying the words ‚Äúdon‚Äôt pay with,‚Äù an omission that would en‚Ä¶"
@nytimes,67,Thu Jul 26 01:02:06 +0000 2018,-0.7184,0.0,0.696,0.304,"Tweet 67: The Republican tax cuts have pushed corporate tax payments to historically low levels, causing the budget deficit t‚Ä¶ https://t.co/Rmq0jLMztk"
@nytimes,68,Thu Jul 26 00:47:05 +0000 2018,0.0,0.0,1.0,0.0,Tweet 68: Evening Briefing: Here's what you need to know at the end of the day https://t.co/CO2mMtZw2D
@nytimes,69,Thu Jul 26 00:32:03 +0000 2018,0.4404,0.139,0.861,0.0,"Tweet 69: At 5:30 p.m. on Wednesday, hundreds of speed cameras around NYC effectively clicked off, their watch over motorists‚Ä¶ https://t.co/YHKb0AJoZL"
@nytimes,70,Thu Jul 26 00:17:01 +0000 2018,0.9264,0.397,0.603,0.0,"Tweet 70: RT @NYTNational: ""She was so beautiful, so inspirational, had dreams. I‚Äôm supposed to be planning her graduation, not her funeral,"" said th‚Ä¶"
@nytimes,71,Thu Jul 26 00:02:04 +0000 2018,0.5187,0.195,0.805,0.0,Tweet 71: Nutrition scientists have long debated the best diet for optimal health. But now some experts believe that it‚Äôs not‚Ä¶ https://t.co/z3peXLnNoA
@nytimes,72,Wed Jul 25 23:47:05 +0000 2018,0.0,0.0,1.0,0.0,"Tweet 72: She was Salvador Dal√≠'s wife, muse, model and publicist. But as a new exhibition in Barcelona shows, there was so m‚Ä¶ https://t.co/rIyw17TrFX"
@nytimes,73,Wed Jul 25 23:32:02 +0000 2018,0.4173,0.134,0.866,0.0,"Tweet 73: Thousands of tourists were evacuated from Yosemite National Park, as one of the country‚Äôs most iconic natural prese‚Ä¶ https://t.co/DiCZ7WuPAE"
@nytimes,74,Wed Jul 25 23:17:01 +0000 2018,0.0,0.0,1.0,0.0,Tweet 74: RT @mschwirtz: He found a box containing a perfume bottle and gave it to his girlfriend. When he woke up weeks later he learned she had die‚Ä¶
@nytimes,75,Wed Jul 25 23:02:06 +0000 2018,0.5574,0.213,0.787,0.0,"Tweet 75: Important progress in Alzheimer's research: for the first time in a large clinical trial, a single drug has been ab‚Ä¶ https://t.co/E1nkUj5e8t"
@nytimes,76,Wed Jul 25 22:47:05 +0000 2018,0.0,0.0,1.0,0.0,Tweet 76: Evening Briefing: Here's what you need to know at the end of the day https://t.co/3kSu9Jd5je
@nytimes,77,Wed Jul 25 22:32:01 +0000 2018,-0.4767,0.136,0.543,0.321,Tweet 77: A lawsuit accusing President Trump of violating the Constitution by maintaining a financial interest in his company‚Ä¶ https://t.co/ZUKG2aJc1R
@nytimes,78,Wed Jul 25 22:17:04 +0000 2018,0.0,0.0,1.0,0.0,"Tweet 78: RT @adamgoldmanNYT: Finally, the tape has become public. And it revealed the statements by Ms. Hicks and Mr. Giuliani to be false. https://‚Ä¶"
@nytimes,79,Wed Jul 25 22:02:04 +0000 2018,-0.7964,0.0,0.717,0.283,Tweet 79: 51 women have sued the University of Southern California as part of a an ongoing scandal involving sexual abuse all‚Ä¶ https://t.co/RMlHIyuRTQ
@nytimes,80,Wed Jul 25 21:46:01 +0000 2018,-0.6124,0.0,0.773,0.227,Tweet 80: RT @PatcohenNYT: Business leaders who complained that they sometimes felt vilified as engineers of inequality ‚Äî or greedy exploiters ‚Äî now‚Ä¶
@nytimes,81,Wed Jul 25 21:32:06 +0000 2018,-0.3182,0.13,0.725,0.145,"Tweet 81: New York City‚Äôs Housing Authority admitted its failures go beyond lead testing, to staff training, tenant protectio‚Ä¶ https://t.co/CxVivZ5Y1L"
@nytimes,82,Wed Jul 25 21:21:06 +0000 2018,0.0,0.0,1.0,0.0,"Tweet 82: Scientists found evidence of a large underground pool of water on Mars, raising the possibility that life could exi‚Ä¶ https://t.co/b27fJVUf4J"
@nytimes,83,Wed Jul 25 21:08:08 +0000 2018,0.0258,0.095,0.814,0.09,"Tweet 83: Breaking News: The U.S. and the European Union agreed to work toward lowering tariffs and other trade barriers, Pre‚Ä¶ https://t.co/bvdT7rIUhN"
@nytimes,84,Wed Jul 25 21:01:03 +0000 2018,0.7425,0.232,0.717,0.051,"Tweet 84: RT @taffyakner: Strike @goop down and it will become more powerful than you can possibly imagine. My story on it, its blazing success, and‚Ä¶"
@nytimes,85,Wed Jul 25 20:46:03 +0000 2018,-0.296,0.0,0.891,0.109,Tweet 85: The Department of Veterans Affairs has largely said no to medical marijuana. Nearly a million veterans may be using‚Ä¶ https://t.co/d2XllBoc38
@nytimes,86,Wed Jul 25 20:31:04 +0000 2018,0.0,0.0,1.0,0.0,Tweet 86: Here's a dinner idea: Chicken braised in balsamic and red wine vinegars over creamy polenta https://t.co/J2noxUki0J
@nytimes,87,Wed Jul 25 20:16:04 +0000 2018,0.2732,0.11,0.89,0.0,Tweet 87: Students defrauded by for-profit colleges would face higher barriers to loan forgiveness under a new proposal by Ed‚Ä¶ https://t.co/J5IbO8dngv
@nytimes,88,Wed Jul 25 20:01:03 +0000 2018,-0.6808,0.0,0.772,0.228,Tweet 88: A couple arrested by Border Patrol after trying to visit their son-in-law at his Army base are out of detention aft‚Ä¶ https://t.co/VISWYYKoRZ
@nytimes,89,Wed Jul 25 19:46:05 +0000 2018,0.0,0.0,1.0,0.0,Tweet 89: Mike Pompeo offered Congress what he called ‚Äúproof‚Äù that Trump is willing to hold Russia accountable for its malign‚Ä¶ https://t.co/MOx9elOmgr
@nytimes,90,Wed Jul 25 19:31:03 +0000 2018,0.0,0.0,1.0,0.0,Tweet 90: Swimming pools closed because the water is too hot. Construction workers wearing fans. Men urged to carry parasols.‚Ä¶ https://t.co/tjJsZU4pGa
@nytimes,91,Wed Jul 25 19:15:56 +0000 2018,-0.3182,0.0,0.887,0.113,"Tweet 91: Breaking News: President Trump wants to delay a meeting with Vladimir Putin in Washington until next year, ‚Äúafter t‚Ä¶ https://t.co/2SwSyffCWv"
@nytimes,92,Wed Jul 25 19:01:04 +0000 2018,-0.34,0.0,0.789,0.211,"Tweet 92: A non-gamer‚Äôs guide to Fortnite, the game obsessing America‚Äôs teens https://t.co/vW9vfwPf2P"
@nytimes,93,Wed Jul 25 18:46:02 +0000 2018,-0.4601,0.0,0.833,0.167,Tweet 93: Imagine an eccentric David Chang restaurant that almost no one has heard about yet. Our critic takes you to the Bar‚Ä¶ https://t.co/nD1ooTUWFR
@nytimes,94,Wed Jul 25 18:31:02 +0000 2018,0.0,0.0,1.0,0.0,"Tweet 94: RT @NYTScience: Scientists find evidence of a 12-mile-wide lake beneath the southern ice cap on Mars, raising the possibility that life cou‚Ä¶"
@nytimes,95,Wed Jul 25 18:16:04 +0000 2018,-0.6808,0.0,0.708,0.292,"Tweet 95: Are sperm counts ‚Ä¶ too low? Hard to say, but Silicon Valley has turned male hysteria into a business model. https://t.co/gaqevkz0NJ"
@nytimes,96,Wed Jul 25 18:01:01 +0000 2018,0.0,0.0,1.0,0.0,"Tweet 96: Gimme a break 
Gimme a break
Break me off a piece of that trademark law
https://t.co/AvmbYZVa7y"
@nytimes,97,Wed Jul 25 17:46:07 +0000 2018,0.6369,0.244,0.756,0.0,"Tweet 97: Melania Trump has freedom over her own remote control, the East Wing said  https://t.co/vCllF8Jb9k"
@nytimes,98,Wed Jul 25 17:31:07 +0000 2018,-0.34,0.0,0.893,0.107,Tweet 98: Yosemite National Park is ordering visitors to evacuate large swaths of the park due to the Ferguson Fire. It's the‚Ä¶ https://t.co/VH2TO5A07h
@nytimes,99,Wed Jul 25 17:16:06 +0000 2018,-0.296,0.0,0.879,0.121,"Tweet 99: In @NYTOpinion,
Op-Ed columnist Thomas Friedman writes, ""No U.S. president can break so many longstanding relations‚Ä¶ https://t.co/44mdNdCiV3"
@nytimes,100,Wed Jul 25 17:01:06 +0000 2018,-0.0772,0.144,0.697,0.159,"Tweet 100: Wielding a pickax, a vandal destroyed President Trump‚Äôs star on the Hollywood Walk of Fame Wednesday morning‚Ä¶ https://t.co/XAg5cLS6CZ"
